key,authors,year,title,journal,location,doi,url,role,checked,number,cited_in,verification_scope
1,"Clifford GD, Behar J, Li Q, Rezek I",2012,Signal quality indices and data fusion for determining clinical acceptability of electrocardiograms,Physiological Measurement,33:1419–1433,10.1088/0967-3334/33/9/1419,https://doi.org/10.1088/0967-3334/33/9/1419,"Global, morphology and agreement-based ECG quality",2026-10-04,1,1 Introduction,"Bibliographic identity and relevance checked from publisher, proceedings or indexed abstract records; author full-text review remains required."
13,"Orphanidou C, Bonnici T, Charlton P, Clifton D, Vallance D, Tarassenko L",2015,Signal-quality indices for the electrocardiogram and photoplethysmogram: derivation and applications to wireless monitoring,IEEE Journal of Biomedical and Health Informatics,19:832–838,10.1109/JBHI.2014.2338351,https://doi.org/10.1109/JBHI.2014.2338351,Wireless quality assessment,2026-10-04,2,1 Introduction,"Bibliographic identity and relevance checked from publisher, proceedings or indexed abstract records; author full-text review remains required."
14,"Zhao Z, Zhang Y",2018,SQI quality evaluation mechanism of single-lead ECG signal based on simple heuristic fusion and fuzzy comprehensive evaluation,Frontiers in Physiology,9:727,10.3389/fphys.2018.00727,https://doi.org/10.3389/fphys.2018.00727,Heuristic quality fusion,2026-10-04,3,1 Introduction,"Bibliographic identity and relevance checked from publisher, proceedings or indexed abstract records; author full-text review remains required."
2,"Behar J, Oster J, Li Q, Clifford GD",2013,ECG signal quality during arrhythmia and its application to false alarm reduction,IEEE Transactions on Biomedical Engineering,60:1660–1666,10.1109/TBME.2013.2240452,https://doi.org/10.1109/TBME.2013.2240452,Rhythm-dependent quality assessment,2026-10-04,4,1 Introduction,"Bibliographic identity and relevance checked from publisher, proceedings or indexed abstract records; author full-text review remains required."
15,"Daluwatte C, Johannesen L, Galeotti L, Vicente J, Strauss DG, Scully CG",2016,Assessing ECG signal quality indices to discriminate ECGs with artefacts from pathologically different arrhythmic ECGs,Physiological Measurement,37:1370–1382,10.1088/0967-3334/37/8/1370,https://doi.org/10.1088/0967-3334/37/8/1370,Artifact versus arrhythmia distinction,2026-10-04,5,1 Introduction,"Bibliographic identity and relevance checked from publisher, proceedings or indexed abstract records; author full-text review remains required."
16,"Li Q, Mark RG, Clifford GD",2008,Robust heart rate estimation from multiple asynchronous noisy sources using signal quality indices and a Kalman filter,Physiological Measurement,29:15–32,10.1088/0967-3334/29/1/002,https://doi.org/10.1088/0967-3334/29/1/002,Multiple-source estimation,2026-10-04,6,1 Introduction,"Bibliographic identity and relevance checked from publisher, proceedings or indexed abstract records; author full-text review remains required."
17,"Orphanidou C, Drobnjak I",2017,Quality assessment of ambulatory ECG using wavelet entropy of the HRV signal,IEEE Journal of Biomedical and Health Informatics,21:1216–1223,10.1109/JBHI.2016.2615316,https://doi.org/10.1109/JBHI.2016.2615316,Timing-series quality information,2026-10-04,7,1 Introduction,"Bibliographic identity and relevance checked from publisher, proceedings or indexed abstract records; author full-text review remains required."
18,"Menon KM, Das S, Shervey M, Johnson M, Glicksberg BS, Levin MA",2023,Automated electrocardiogram signal quality assessment based on Fourier analysis and template matching,Journal of Clinical Monitoring and Computing,37:829–837,10.1007/s10877-022-00948-5,https://doi.org/10.1007/s10877-022-00948-5,Spectral and template approaches,2026-10-04,8,1 Introduction,"Bibliographic identity and relevance checked from publisher, proceedings or indexed abstract records; author full-text review remains required."
timing_related_2025,"Adão Martins NR, Bauer F, Baty F, Boesch M, Brutsche MH, Rossi RM, Annaheim S",2025,Introduction to electrocardiogram signal quality assessment and estimated accuracy for textile electrodes,Scientific Reports,15:41365,10.1038/s41598-025-25365-x,https://doi.org/10.1038/s41598-025-25365-x,Related output-specific textile ECG assessment using template matching and physiological feasibility,2026-10-06,9,1 Introduction; 4 Discussion,"Bibliographic identity, abstract and displayed figure methods checked in official PubMed record PMID 41271920 and publisher article; human author full-text review remains required."
23,"Kim DH, Lu N, Ma R et al",2011,Epidermal electronics,Science,333:838–843,10.1126/science.1206157,https://doi.org/10.1126/science.1206157,Soft skin-interface context,2026-10-04,10,1 Introduction,"Bibliographic identity and relevance checked from publisher, proceedings or indexed abstract records; author full-text review remains required."
24,"Takeshita T, Yoshida M, Takei Y et al",2019,Relationship between contact pressure and motion artifacts in ECG measurement with electrostatic flocked electrodes fabricated on textile,Scientific Reports,9:5897,10.1038/s41598-019-42027-x,https://doi.org/10.1038/s41598-019-42027-x,Pressure and textile-electrode artifact context,2026-10-04,11,1 Introduction,"Bibliographic identity and relevance checked from publisher, proceedings or indexed abstract records; author full-text review remains required."
25,"Cömert A, Honkala M, Hyttinen J",2013,Effect of pressure and padding on motion artifact of textile electrodes,BioMedical Engineering OnLine,12:26,10.1186/1475-925X-12-26,https://doi.org/10.1186/1475-925X-12-26,Pressure/padding mechanisms in earlier work,2026-10-04,12,1 Introduction,"Bibliographic identity and relevance checked from publisher, proceedings or indexed abstract records; author full-text review remains required."
26,"Cömert A, Hyttinen J",2014,Impedance spectroscopy of changes in skin-electrode impedance induced by motion,BioMedical Engineering OnLine,13:149,10.1186/1475-925X-13-149,https://doi.org/10.1186/1475-925X-13-149,Motion-related impedance evidence in prior work,2026-10-04,13,1 Introduction,"Bibliographic identity and relevance checked from publisher, proceedings or indexed abstract records; author full-text review remains required."
4,"Alsaafeen N, Ziogas I, Alsaedi S et al",2026,Systematic benchmarking of a noise-tolerant conductive hydrogel electrode for epidermal bioelectronics,Advanced Science,13:e15131,10.1002/advs.202515131,https://doi.org/10.1002/advs.202515131,Hydrogel benchmarking context; not a comparator dataset,2026-10-04,14,1 Introduction,"Bibliographic identity and relevance checked from publisher, proceedings or indexed abstract records; author full-text review remains required."
5,"Tian G, Huang L, Pan X et al",2026,Meta-topological hydrogel enables multisource and frequency-tailored artefact mitigation for bioelectronics,Nature Sensors,1:413–424,10.1038/s44460-026-00055-x,https://doi.org/10.1038/s44460-026-00055-x,Frequency-dependent interface artefact mitigation,2026-10-04,15,1 Introduction,"Bibliographic identity and relevance checked from publisher, proceedings or indexed abstract records; author full-text review remains required."
6,"Moody GB, Muldrow WK, Mark RG",1984,A noise stress test for arrhythmia detectors,Computers in Cardiology,11:381–384,,https://georgebmoody.com/publications/nst-cinc-1984.pdf,Measured-noise stress-test principle; WK retained from archival byline audit and authors' PhysioNet-hosted 1989 paper; dataset page uses WE,2026-10-04,16,1 Introduction,"Bibliographic identity and relevance checked from publisher, proceedings or indexed abstract records; author full-text review remains required."
27,"Goldberger AL, Amaral LAN, Glass L et al",2000,"PhysioBank, PhysioToolkit, and PhysioNet: components of a new research resource for complex physiologic signals",Circulation,101:e215–e220,10.1161/01.CIR.101.23.e215,https://doi.org/10.1161/01.CIR.101.23.e215,Open physiological resources; not new validation data,2026-10-04,17,1 Introduction,"Bibliographic identity and relevance checked from publisher, proceedings or indexed abstract records; author full-text review remains required."
28,"Moody GB, Mark RG",2001,The impact of the MIT-BIH arrhythmia database,IEEE Engineering in Medicine and Biology Magazine,20:45–50,10.1109/51.932724,https://doi.org/10.1109/51.932724,Annotated reference database context,2026-10-04,18,1 Introduction,"Bibliographic identity and relevance checked from publisher, proceedings or indexed abstract records; author full-text review remains required."
19,"Kristof F, Kapsecker M, Nissen L et al",2024,"QRS detection in single-lead, telehealth electrocardiogram signals: benchmarking open-source algorithms",PLOS Digital Health,3:e0000538,10.1371/journal.pdig.0000538,https://doi.org/10.1371/journal.pdig.0000538,Telehealth detector benchmarking,2026-10-04,19,1 Introduction,"Bibliographic identity and relevance checked from publisher, proceedings or indexed abstract records; author full-text review remains required."
52,"Khamis H, Weiss R, Xie Y, Chang CW, Lovell NH, Redmond SJ",2016,QRS detection algorithm for telehealth electrocardiogram recordings,IEEE Transactions on Biomedical Engineering,63:1377–1388,10.1109/TBME.2016.2549060,https://doi.org/10.1109/TBME.2016.2549060,Telehealth QRS detection setting,2026-10-04,20,1 Introduction,"Bibliographic identity and relevance checked from publisher, proceedings or indexed abstract records; author full-text review remains required."
33,Welch PD,1967,"The use of fast Fourier transform for the estimation of power spectra: a method based on time averaging over short, modified periodograms",IEEE Transactions on Audio and Electroacoustics,15:70–73,10.1109/TAU.1967.1161901,https://doi.org/10.1109/TAU.1967.1161901,Spectral estimator,2026-10-04,21,2.2 Preprocessing and acquired signals,"Bibliographic identity and relevance checked from publisher, proceedings or indexed abstract records; author full-text review remains required."
7,"Pan J, Tompkins WJ",1985,A real-time QRS detection algorithm,IEEE Transactions on Biomedical Engineering,32:230–236,10.1109/TBME.1985.325532,https://doi.org/10.1109/TBME.1985.325532,Energy-based detection context; not claimed as implemented algorithm,2026-10-04,22,2.4 Matched replay and beat-detection endpoint,"Bibliographic identity and relevance checked from publisher, proceedings or indexed abstract records; author full-text review remains required."
20,"Hamilton PS, Tompkins WJ",1986,Quantitative investigation of QRS detection rules using the MIT/BIH arrhythmia database,IEEE Transactions on Biomedical Engineering,33:1157–1165,10.1109/TBME.1986.325695,https://doi.org/10.1109/TBME.1986.325695,Fixed detection rules,2026-10-04,23,2.4 Matched replay and beat-detection endpoint,"Bibliographic identity and relevance checked from publisher, proceedings or indexed abstract records; author full-text review remains required."
21,Christov II,2004,Real time electrocardiogram QRS detection using combined adaptive threshold,BioMedical Engineering OnLine,3:28,10.1186/1475-925X-3-28,https://doi.org/10.1186/1475-925X-3-28,Adaptive detection alternative,2026-10-04,24,2.4 Matched replay and beat-detection endpoint,"Bibliographic identity and relevance checked from publisher, proceedings or indexed abstract records; author full-text review remains required."
8,Elgendi M,2013,Fast QRS detection with an optimized knowledge-based method: evaluation on 11 standard ECG databases,PLoS ONE,8:e73557,10.1371/journal.pone.0073557,https://doi.org/10.1371/journal.pone.0073557,Detector evaluation and dataset dependence,2026-10-04,25,2.4 Matched replay and beat-detection endpoint,"Bibliographic identity and relevance checked from publisher, proceedings or indexed abstract records; author full-text review remains required."
9,"Kapoor S, Narayanan A",2023,Leakage and the reproducibility crisis in machine-learning-based science,Patterns,4:100804,10.1016/j.patter.2023.100804,https://doi.org/10.1016/j.patter.2023.100804,Source exclusion and leakage,2026-10-04,26,2.5 Reliability features and source exclusion,"Bibliographic identity and relevance checked from publisher, proceedings or indexed abstract records; author full-text review remains required."
44,"Saeb S, Lonini L, Jayaraman A, Mohr DC, Kording KP",2017,The need to approximate the use-case in clinical machine learning,GigaScience,6:gix019,10.1093/gigascience/gix019,https://doi.org/10.1093/gigascience/gix019,Validation unit and intended use,2026-10-04,27,2.5 Reliability features and source exclusion,"Bibliographic identity and relevance checked from publisher, proceedings or indexed abstract records; author full-text review remains required."
43,Fawcett T,2006,An introduction to ROC analysis,Pattern Recognition Letters,27:861–874,10.1016/j.patrec.2005.10.010,https://doi.org/10.1016/j.patrec.2005.10.010,Ranking/discrimination evaluation,2026-10-04,28,"2.6 Performance, retention and ambiguity bounds","Bibliographic identity and relevance checked from publisher, proceedings or indexed abstract records; author full-text review remains required."
10,"Saito T, Rehmsmeier M",2015,The precision-recall plot is more informative than the ROC plot when evaluating binary classifiers on imbalanced datasets,PLoS ONE,10:e0118432,10.1371/journal.pone.0118432,https://doi.org/10.1371/journal.pone.0118432,Precision–recall interpretation,2026-10-04,29,"2.6 Performance, retention and ambiguity bounds","Bibliographic identity and relevance checked from publisher, proceedings or indexed abstract records; author full-text review remains required."
41,Brier GW,1950,Verification of forecasts expressed in terms of probability,Monthly Weather Review,78:1–3,10.1175/1520-0493(1950)078<0001:VOFEIT>2.0.CO;2,https://doi.org/10.1175/1520-0493(1950)078<0001:VOFEIT>2.0.CO;2,Squared probability score,2026-10-04,30,"2.6 Performance, retention and ambiguity bounds","Bibliographic identity and relevance checked from publisher, proceedings or indexed abstract records; author full-text review remains required."
42,"Gneiting T, Raftery AE",2007,"Strictly proper scoring rules, prediction, and estimation",Journal of the American Statistical Association,102:359–378,10.1198/016214506000001437,https://doi.org/10.1198/016214506000001437,Proper scoring interpretation,2026-10-04,31,"2.6 Performance, retention and ambiguity bounds","Bibliographic identity and relevance checked from publisher, proceedings or indexed abstract records; author full-text review remains required."
38,"Guo C, Pleiss G, Sun Y, Weinberger KQ",2017,On calibration of modern neural networks,Proceedings of Machine Learning Research,70:1321–1330,,https://proceedings.mlr.press/v70/guo17a.html,Discrimination/calibration distinction,2026-10-04,32,"2.6 Performance, retention and ambiguity bounds","Bibliographic identity and relevance checked from publisher, proceedings or indexed abstract records; author full-text review remains required."
39,"Niculescu-Mizil A, Caruana R",2005,Predicting good probabilities with supervised learning,Proceedings of the 22nd International Conference on Machine Learning,pp 625–632,10.1145/1102351.1102430,https://doi.org/10.1145/1102351.1102430,Probabilistic prediction assessment,2026-10-04,33,"2.6 Performance, retention and ambiguity bounds","Bibliographic identity and relevance checked from publisher, proceedings or indexed abstract records; author full-text review remains required."
47,Chow CK,1970,On optimum recognition error and reject tradeoff,IEEE Transactions on Information Theory,16:41–46,10.1109/TIT.1970.1054406,https://doi.org/10.1109/TIT.1970.1054406,Error–rejection tradeoff,2026-10-04,34,"2.6 Performance, retention and ambiguity bounds","Bibliographic identity and relevance checked from publisher, proceedings or indexed abstract records; author full-text review remains required."
48,"El-Yaniv R, Wiener Y",2010,On the foundations of noise-free selective classification,Journal of Machine Learning Research,11:1605–1641,,https://jmlr.org/papers/v11/el-yaniv10a.html,Coverage and selective error,2026-10-04,35,"2.6 Performance, retention and ambiguity bounds","Bibliographic identity and relevance checked from publisher, proceedings or indexed abstract records; author full-text review remains required."
34,"Harris CR, Millman KJ, van der Walt SJ et al",2020,Array programming with NumPy,Nature,585:357–362,10.1038/s41586-020-2649-2,https://doi.org/10.1038/s41586-020-2649-2,Computational implementation,2026-10-04,36,2.7 Reporting and reproducibility,"Bibliographic identity and relevance checked from publisher, proceedings or indexed abstract records; author full-text review remains required."
35,"Virtanen P, Gommers R, Oliphant TE et al",2020,SciPy 1.0: fundamental algorithms for scientific computing in Python,Nature Methods,17:261–272,10.1038/s41592-019-0686-2,https://doi.org/10.1038/s41592-019-0686-2,Filtering and numerical analysis,2026-10-04,37,2.7 Reporting and reproducibility,"Bibliographic identity and relevance checked from publisher, proceedings or indexed abstract records; author full-text review remains required."
36,"Pedregosa F, Varoquaux G, Gramfort A et al",2011,Scikit-learn: machine learning in Python,Journal of Machine Learning Research,12:2825–2830,,https://jmlr.org/papers/v12/pedregosa11a.html,Logistic fitting and performance calculations,2026-10-04,38,2.7 Reporting and reproducibility,"Bibliographic identity and relevance checked from publisher, proceedings or indexed abstract records; author full-text review remains required."
37,Hunter JD,2007,Matplotlib: a 2D graphics environment,Computing in Science & Engineering,9:90–95,10.1109/MCSE.2007.55,https://doi.org/10.1109/MCSE.2007.55,Reproducible plotting,2026-10-04,39,2.7 Reporting and reproducibility,"Bibliographic identity and relevance checked from publisher, proceedings or indexed abstract records; author full-text review remains required."
12,"Collins GS, Moons KGM, Dhiman P et al",2024,TRIPOD+AI statement: updated guidance for reporting clinical prediction models that use regression or machine learning methods,BMJ,385:e078378,10.1136/bmj-2023-078378,https://doi.org/10.1136/bmj-2023-078378,"Reporting map, not clinical-model certification",2026-10-04,40,2.7 Reporting and reproducibility,"Bibliographic identity and relevance checked from publisher, proceedings or indexed abstract records; author full-text review remains required."
50,"Mitchell M, Wu S, Zaldivar A et al",2019,Model cards for model reporting,"Proceedings of the Conference on Fairness, Accountability, and Transparency",pp 220–229,10.1145/3287560.3287596,https://doi.org/10.1145/3287560.3287596,Model card,2026-10-04,41,2.7 Reporting and reproducibility,"Bibliographic identity and relevance checked from publisher, proceedings or indexed abstract records; author full-text review remains required."
51,"Gebru T, Morgenstern J, Vecchione B et al",2021,Datasheets for datasets,Communications of the ACM,64(12):86–92,10.1145/3458723,https://doi.org/10.1145/3458723,Data provenance and reuse conditions,2026-10-04,42,2.7 Reporting and reproducibility,"Bibliographic identity and relevance checked from publisher, proceedings or indexed abstract records; author full-text review remains required."
29,"Wagner P, Strodthoff N, Bousseljot RD et al",2020,"PTB-XL, a large publicly available electrocardiography dataset",Scientific Data,7:154,10.1038/s41597-020-0495-6,https://doi.org/10.1038/s41597-020-0495-6,Rhythm-labelled data distinct from replay endpoint,2026-10-04,43,4 Discussion,"Bibliographic identity and relevance checked from publisher, proceedings or indexed abstract records; author full-text review remains required."
30,"Strodthoff N, Wagner P, Schaeffter T, Samek W",2021,Deep learning for ECG analysis: benchmarks and insights from PTB-XL,IEEE Journal of Biomedical and Health Informatics,25:1519–1528,10.1109/JBHI.2020.3022989,https://doi.org/10.1109/JBHI.2020.3022989,Task-specific clinical benchmarks,2026-10-04,44,4 Discussion,"Bibliographic identity and relevance checked from publisher, proceedings or indexed abstract records; author full-text review remains required."
31,"Hannun AY, Rajpurkar P, Haghpanahi M et al",2019,Cardiologist-level arrhythmia detection and classification in ambulatory electrocardiograms using a deep neural network,Nature Medicine,25:65–69,10.1038/s41591-018-0268-3,https://doi.org/10.1038/s41591-018-0268-3,Clinical arrhythmia task contrasted with detector failure,2026-10-04,45,4 Discussion,"Bibliographic identity and relevance checked from publisher, proceedings or indexed abstract records; author full-text review remains required."
32,"Ribeiro AH, Ribeiro MH, Paixão GMM et al",2020,Automatic diagnosis of the 12-lead ECG using a deep neural network,Nature Communications,11:1760,10.1038/s41467-020-15432-4,https://doi.org/10.1038/s41467-020-15432-4,Clinical multilead diagnosis contrasted with beat timing,2026-10-04,46,4 Discussion,"Bibliographic identity and relevance checked from publisher, proceedings or indexed abstract records; author full-text review remains required."
22,"Martínez JP, Almeida R, Olmos S, Rocha AP, Laguna P",2004,A wavelet-based ECG delineator: evaluation on standard databases,IEEE Transactions on Biomedical Engineering,51:570–581,10.1109/TBME.2003.821031,https://doi.org/10.1109/TBME.2003.821031,Delineation distinct from beat timing,2026-10-04,47,4 Discussion,"Bibliographic identity and relevance checked from publisher, proceedings or indexed abstract records; author full-text review remains required."
3,"Li Q, Clifford GD",2012,Signal quality and data fusion for false alarm reduction in the intensive care unit,Journal of Electrocardiology,45:596–603,10.1016/j.jelectrocard.2012.07.015,https://doi.org/10.1016/j.jelectrocard.2012.07.015,Quality and false-alarm analysis,2026-10-04,48,4 Discussion,"Bibliographic identity and relevance checked from publisher, proceedings or indexed abstract records; author full-text review remains required."
40,"Ovadia Y, Fertig E, Ren J et al",2019,Can you trust your model’s uncertainty? Evaluating predictive uncertainty under dataset shift,Advances in Neural Information Processing Systems,32,,https://proceedings.neurips.cc/paper/9547-can-you-trust-your-models-uncertainty-evaluating-predictive-uncertainty-under-dataset-shift.pdf,Dataset-shift uncertainty context,2026-10-04,49,4 Discussion,"Bibliographic identity and relevance checked from publisher, proceedings or indexed abstract records; author full-text review remains required."
45,"Vabalas A, Gowen E, Poliakoff E, Casson AJ",2019,Machine learning algorithm validation with a limited sample size,PLoS ONE,14:e0224365,10.1371/journal.pone.0224365,https://doi.org/10.1371/journal.pone.0224365,Small-source validation limitations,2026-10-04,50,4 Discussion,"Bibliographic identity and relevance checked from publisher, proceedings or indexed abstract records; author full-text review remains required."
46,Varoquaux G,2018,Cross-validation failure: small sample sizes lead to large error bars,NeuroImage,180:68–77,10.1016/j.neuroimage.2017.06.061,https://doi.org/10.1016/j.neuroimage.2017.06.061,Small-sample uncertainty,2026-10-04,51,4 Discussion,"Bibliographic identity and relevance checked from publisher, proceedings or indexed abstract records; author full-text review remains required."
49,"Geifman Y, El-Yaniv R",2017,Selective classification for deep neural networks,Advances in Neural Information Processing Systems,30:4878–4887,,https://papers.nips.cc/paper_files/paper/2017/file/4a8423d5e91fda00bb7e46540e2b0cf1-Paper.pdf,Confidence-based selective prediction,2026-10-04,52,4 Discussion,"Bibliographic identity and relevance checked from publisher, proceedings or indexed abstract records; author full-text review remains required."
11,"Geifman Y, El-Yaniv R",2019,SelectiveNet: a deep neural network with an integrated reject option,Proceedings of Machine Learning Research,97:2151–2159,,https://proceedings.mlr.press/v97/geifman19a.html,Selective prediction; not implemented as neural baseline,2026-10-04,53,4 Discussion,"Bibliographic identity and relevance checked from publisher, proceedings or indexed abstract records; author full-text review remains required."
