scope,stratum,model,threshold_kind,threshold,comparison,episodes,all_failures,all_nonfailures,retained,coverage,retained_failures,retained_failure_fraction,discarded_nonfailures,discarded_nonfailure_fraction,retained_mean_f1,retained_tp,retained_fp,retained_fn,retained_beat_precision,retained_beat_recall,retained_micro_f1,oracle_failure_floor_at_retained_count
pooled,all,Global,predicted_probability,0.05,<=,4096,1043,3053,2536,0.619140625,92,0.03627760252365931,609,0.199475925319358,0.9945305600140188,49975,480,88,0.9904865721930433,0.9982422148093403,0.9943492707773732,0.0
pooled,all,Global,predicted_probability,0.1,<=,4096,1043,3053,2656,0.6484375,110,0.04141566265060241,507,0.16606616442843106,0.9937903652448503,52300,568,106,0.9892562608761444,0.9979773308399802,0.9935976594410776,0.0
pooled,all,Global,predicted_probability,0.2,<=,4096,1043,3053,2781,0.678955078125,140,0.05034160373966199,412,0.1349492302653128,0.9926606500111661,54707,699,133,0.987384037829838,0.9975747629467542,0.9924532409339114,0.0
pooled,all,Event,predicted_probability,0.05,<=,4096,1043,3053,2687,0.656005859375,19,0.0070710829921845925,385,0.1261054700294792,0.9973989141592616,53007,246,34,0.9953805419412991,0.9993589864444486,0.9973657967524037,0.0
pooled,all,Event,predicted_probability,0.1,<=,4096,1043,3053,2805,0.684814453125,32,0.01140819964349376,280,0.09171306911234851,0.9967172232849132,55319,324,45,0.9941771651420663,0.9991871974568312,0.9966758853045303,0.0
pooled,all,Event,predicted_probability,0.2,<=,4096,1043,3053,2898,0.70751953125,49,0.016908212560386472,204,0.06681952178185391,0.9958470508061912,57140,427,57,0.9925825559782514,0.9990034442365858,0.9957826496113764,0.0
pooled,all,Combined,predicted_probability,0.05,<=,4096,1043,3053,2581,0.630126953125,100,0.03874467260751647,572,0.18735669832951196,0.9937940590408442,50853,544,111,0.9894157246531898,0.997821991994349,0.9936010785357705,0.0
pooled,all,Combined,predicted_probability,0.1,<=,4096,1043,3053,2685,0.655517578125,115,0.04283054003724395,483,0.1582050442188012,0.9931589222281034,52900,626,125,0.9883047490938983,0.9976426214049976,0.9929517320344249,0.0
pooled,all,Combined,predicted_probability,0.2,<=,4096,1043,3053,2819,0.688232421875,144,0.05108194395175594,378,0.1238126433016705,0.9922148253576123,55488,753,145,0.9866111911239132,0.9973936332752144,0.9919731126088278,0.0
pooled,all,Agreement,uncalibrated_score,0.05,<=,4096,1043,3053,664,0.162109375,0,0.0,2389,0.7825090075335736,0.9992505995392612,13135,19,2,0.998555572449445,0.9998477582400852,0.9992012475752159,0.0
pooled,all,Agreement,uncalibrated_score,0.1,<=,4096,1043,3053,1052,0.2568359375,5,0.004752851711026616,2006,0.6570586308548968,0.9984641422250485,20827,59,8,0.9971751412429378,0.9996160307175426,0.9983940941012919,0.0
pooled,all,Agreement,uncalibrated_score,0.2,<=,4096,1043,3053,1596,0.3896484375,41,0.02568922305764411,1498,0.4906649197510645,0.9955432408694804,31472,266,30,0.9916188795765328,0.9990476795124119,0.9953194180898166,0.0
source,G1,Global,predicted_probability,0.05,<=,1024,299,725,761,0.7431640625,83,0.10906701708278581,47,0.06482758620689655,0.9851855767490119,14808,387,77,0.9745310957551826,0.9948270070540813,0.9845744680851064,0.04730617608409987
source,G1,Global,predicted_probability,0.1,<=,1024,299,725,768,0.75,88,0.11458333333333333,45,0.06206896551724138,0.9843799584770982,14938,408,86,0.9734132673009254,0.9942758253461129,0.9837339479749753,0.055989583333333336
source,G1,Global,predicted_probability,0.2,<=,1024,299,725,768,0.75,88,0.11458333333333333,45,0.06206896551724138,0.9843799584770982,14938,408,86,0.9734132673009254,0.9942758253461129,0.9837339479749753,0.055989583333333336
source,G1,Event,predicted_probability,0.05,<=,1024,299,725,626,0.611328125,4,0.006389776357827476,103,0.14206896551724138,0.9972249457437627,12241,65,5,0.9947180237282627,0.9995917034133595,0.997148908439231,0.0
source,G1,Event,predicted_probability,0.1,<=,1024,299,725,638,0.623046875,5,0.007836990595611285,92,0.12689655172413794,0.9967681592724182,12474,78,5,0.9937858508604207,0.9995993268691401,0.9966841117014902,0.0
source,G1,Event,predicted_probability,0.2,<=,1024,299,725,657,0.6416015625,9,0.0136986301369863,77,0.10620689655172413,0.9959581501973491,12842,99,8,0.9923498956803957,0.9993774319066148,0.9958512659454849,0.0
source,G1,Combined,predicted_probability,0.05,<=,1024,299,725,757,0.7392578125,80,0.10568031704095113,48,0.06620689655172414,0.985408436050237,14727,372,82,0.975362606795152,0.9944628266594638,0.9848201150193928,0.04227212681638045
source,G1,Combined,predicted_probability,0.1,<=,1024,299,725,769,0.7509765625,86,0.11183355006501951,42,0.057931034482758624,0.9845541772962167,14962,403,86,0.9737715587373902,0.9942849548112705,0.9839213494229442,0.05721716514954486
source,G1,Combined,predicted_probability,0.2,<=,1024,299,725,780,0.76171875,89,0.1141025641025641,34,0.04689655172413793,0.9843392245453468,15177,417,86,0.9732589457483648,0.9943654589530236,0.983698998606475,0.07051282051282051
source,G1,Agreement,uncalibrated_score,0.05,<=,1024,299,725,310,0.302734375,0,0.0,415,0.5724137931034483,0.9997712842844858,6080,3,0,0.9995068222916325,1.0,0.9997533503247554,0.0
source,G1,Agreement,uncalibrated_score,0.1,<=,1024,299,725,444,0.43359375,2,0.0045045045045045045,283,0.3903448275862069,0.9987869047187792,8692,22,0,0.9974753270599036,1.0,0.998736068022521,0.0
source,G1,Agreement,uncalibrated_score,0.2,<=,1024,299,725,541,0.5283203125,10,0.018484288354898338,194,0.2675862068965517,0.9964003651187848,10583,79,1,0.992590508347402,0.9999055177626606,0.9962345853337099,0.0
source,G2,Global,predicted_probability,0.05,<=,1024,332,692,623,0.6083984375,9,0.014446227929373997,78,0.11271676300578035,0.9964781182449417,12164,76,11,0.9937908496732026,0.9990965092402464,0.9964366168339136,0.0
source,G2,Global,predicted_probability,0.1,<=,1024,332,692,660,0.64453125,21,0.031818181818181815,53,0.07658959537572255,0.9946444482784352,12878,121,20,0.990691591660897,0.9984493719956582,0.9945553539019963,0.0
source,G2,Global,predicted_probability,0.2,<=,1024,332,692,696,0.6796875,40,0.05747126436781609,36,0.05202312138728324,0.9920124759010595,13563,192,31,0.986041439476554,0.9977195821686038,0.9918461369702731,0.005747126436781609
source,G2,Event,predicted_probability,0.05,<=,1024,332,692,652,0.63671875,14,0.02147239263803681,54,0.07803468208092486,0.9954747698437686,12725,98,19,0.9923574826483662,0.9985091023226617,0.995423788477334,0.0
source,G2,Event,predicted_probability,0.1,<=,1024,332,692,685,0.6689453125,25,0.0364963503649635,32,0.046242774566473986,0.9938306372710655,13368,141,27,0.9895625138796358,0.9979843225083986,0.9937555753791257,0.0
source,G2,Event,predicted_probability,0.2,<=,1024,332,692,709,0.6923828125,38,0.0535966149506347,21,0.030346820809248554,0.9919041277368335,13826,194,36,0.9861626248216833,0.9974029721540904,0.9917509504339718,0.023977433004231313
source,G2,Combined,predicted_probability,0.05,<=,1024,332,692,678,0.662109375,19,0.028023598820058997,33,0.0476878612716763,0.994363239340023,13236,132,21,0.9901256732495511,0.9984159312061552,0.9942535211267606,0.0
source,G2,Combined,predicted_probability,0.1,<=,1024,332,692,696,0.6796875,27,0.03879310344827586,23,0.033236994219653176,0.9932197495000444,13578,161,28,0.9882815343183637,0.9979420843745407,0.9930883159626989,0.005747126436781609
source,G2,Combined,predicted_probability,0.2,<=,1024,332,692,733,0.7158203125,53,0.0723055934515689,12,0.017341040462427744,0.9899453187788605,14288,251,48,0.9827360891395557,0.9966517857142857,0.9896450216450217,0.05593451568894952
source,G2,Agreement,uncalibrated_score,0.05,<=,1024,332,692,124,0.12109375,0,0.0,568,0.8208092485549133,1.0,2400,0,0,1.0,1.0,1.0,0.0
source,G2,Agreement,uncalibrated_score,0.1,<=,1024,332,692,245,0.2392578125,1,0.004081632653061225,448,0.6473988439306358,0.9997152349311818,4802,2,1,0.9995836802664446,0.9997917967936706,0.9996877276985532,0.0
source,G2,Agreement,uncalibrated_score,0.2,<=,1024,332,692,466,0.455078125,17,0.03648068669527897,243,0.3511560693641618,0.9952981244670256,9135,75,15,0.99185667752443,0.9983606557377049,0.9950980392156863,0.0
source,G3,Global,predicted_probability,0.05,<=,1024,166,858,597,0.5830078125,0,0.0,261,0.3041958041958042,0.9997208329163054,11758,7,0,0.9994050148746282,1.0,0.9997024189091528,0.0
source,G3,Global,predicted_probability,0.1,<=,1024,166,858,660,0.64453125,1,0.0015151515151515152,199,0.23193473193473194,0.9990821203774332,12976,24,0,0.9981538461538462,1.0,0.9990760702186634,0.0
source,G3,Global,predicted_probability,0.2,<=,1024,166,858,714,0.697265625,11,0.015406162464985995,155,0.18065268065268064,0.99741200519286,13996,62,11,0.995589699815052,0.9992146783750981,0.9973988954213433,0.0
source,G3,Event,predicted_probability,0.05,<=,1024,166,858,742,0.724609375,0,0.0,116,0.1351981351981352,0.9990195434514341,14546,27,1,0.9981472586289714,0.9999312573039114,0.9990384615384615,0.0
source,G3,Event,predicted_probability,0.1,<=,1024,166,858,793,0.7744140625,0,0.0,65,0.07575757575757576,0.9986651631132658,15546,39,2,0.997497593840231,0.9998713660921019,0.9986830694118781,0.0
source,G3,Event,predicted_probability,0.2,<=,1024,166,858,819,0.7998046875,0,0.0,39,0.045454545454545456,0.9983647632191469,16061,50,2,0.9968965303208988,0.9998754902571126,0.998383788151924,0.0
source,G3,Combined,predicted_probability,0.05,<=,1024,166,858,529,0.5166015625,0,0.0,329,0.38344988344988346,0.9998168330678541,10390,4,0,0.9996151625938041,1.0,0.9998075442648191,0.0
source,G3,Combined,predicted_probability,0.1,<=,1024,166,858,586,0.572265625,0,0.0,272,0.317016317016317,0.9994404591643242,11527,12,1,0.9989600485310686,0.9999132546842471,0.9994364243291282,0.0
source,G3,Combined,predicted_probability,0.2,<=,1024,166,858,650,0.634765625,0,0.0,208,0.24242424242424243,0.9990490155858628,12764,23,1,0.9982012981934778,0.999921660791226,0.9990607388854101,0.0
source,G3,Agreement,uncalibrated_score,0.05,<=,1024,166,858,42,0.041015625,0,0.0,816,0.951048951048951,1.0,879,0,0,1.0,1.0,1.0,0.0
source,G3,Agreement,uncalibrated_score,0.1,<=,1024,166,858,74,0.072265625,0,0.0,784,0.9137529137529138,0.9996857322438718,1525,1,0,0.9993446920052425,1.0,0.9996722386102918,0.0
source,G3,Agreement,uncalibrated_score,0.2,<=,1024,166,858,169,0.1650390625,1,0.005917159763313609,690,0.8041958041958042,0.9990811845069946,3318,7,0,0.9978947368421053,1.0,0.9989462592202318,0.0
source,G4,Global,predicted_probability,0.05,<=,1024,246,778,555,0.5419921875,0,0.0,223,0.2866323907455013,0.9995749033728301,11245,10,0,0.9991115059973346,1.0,0.9995555555555555,0.0
source,G4,Global,predicted_probability,0.1,<=,1024,246,778,568,0.5546875,0,0.0,210,0.2699228791773779,0.9993730046954894,11508,15,0,0.9986982556625879,1.0,0.9993487039208024,0.0
source,G4,Global,predicted_probability,0.2,<=,1024,246,778,603,0.5888671875,1,0.001658374792703151,176,0.2262210796915167,0.998329360921728,12210,37,5,0.9969788519637462,0.9995906672124437,0.9982830512631837,0.0
source,G4,Event,predicted_probability,0.05,<=,1024,246,778,667,0.6513671875,1,0.0014992503748125937,112,0.14395886889460155,0.9976402025955611,13495,56,9,0.9958674636558188,0.9993335308056872,0.9975974866013676,0.0
source,G4,Event,predicted_probability,0.1,<=,1024,246,778,689,0.6728515625,2,0.002902757619738752,91,0.11696658097686376,0.9972979170085328,13931,66,11,0.9952847038651139,0.9992110170707216,0.9972439958480976,0.0
source,G4,Event,predicted_probability,0.2,<=,1024,246,778,713,0.6962890625,2,0.002805049088359046,67,0.08611825192802057,0.9967734655186361,14411,84,11,0.9942048982407726,0.9992372763833033,0.9967147352768267,0.0
source,G4,Combined,predicted_probability,0.05,<=,1024,246,778,617,0.6025390625,1,0.0016207455429497568,162,0.20822622107969152,0.9982931917811327,12500,36,8,0.9971282705807275,0.9993604093380236,0.9982430921578023,0.0
source,G4,Combined,predicted_probability,0.1,<=,1024,246,778,634,0.619140625,2,0.0031545741324921135,146,0.18766066838046272,0.9977231689579531,12833,50,10,0.9961189164014593,0.9992213657245191,0.9976677291456114,0.0
source,G4,Combined,predicted_probability,0.2,<=,1024,246,778,656,0.640625,2,0.003048780487804878,124,0.15938303341902313,0.997343321253084,13259,62,10,0.9953456947676601,0.9992463637048761,0.9972922151184656,0.0
source,G4,Agreement,uncalibrated_score,0.05,<=,1024,246,778,188,0.18359375,0,0.0,590,0.7583547557840618,0.9977303189674407,3776,16,2,0.9957805907172996,0.9994706193753309,0.9976221928665786,0.0
source,G4,Agreement,uncalibrated_score,0.1,<=,1024,246,778,289,0.2822265625,2,0.006920415224913495,491,0.6311053984575835,0.9965948622194706,5808,34,7,0.9941800753166724,0.9987962166809974,0.9964828000343141,0.0
source,G4,Agreement,uncalibrated_score,0.2,<=,1024,246,778,420,0.41015625,13,0.030952380952380953,371,0.4768637532133676,0.9932875445597906,8436,105,14,0.9877063575693713,0.9983431952662722,0.9929962921546701,0.0
