scope,stratum,model,total_quartets,mixed_quartets,failure_nonfailure_pairs,concordant_pairs,tied_pairs,discordant_pairs,concordance_quartet_equal_primary,concordance_pair_weighted_secondary
pooled,all,Global,1024,116,381,183,0,198,0.473419540229885,0.48031496062992124
pooled,all,Event,1024,116,381,270,0,111,0.7112068965517241,0.7086614173228346
pooled,all,Combined,1024,116,381,263,0,118,0.6889367816091954,0.6902887139107612
pooled,all,Agreement,1024,116,381,170,23,188,0.4780890804597701,0.4763779527559055
source,G1,Global,256,42,139,66,0,73,0.47023809523809523,0.4748201438848921
source,G1,Event,256,42,139,90,0,49,0.6527777777777778,0.6474820143884892
source,G1,Combined,256,42,139,87,0,52,0.626984126984127,0.6258992805755396
source,G1,Agreement,256,42,139,58,14,67,0.4642857142857143,0.4676258992805755
source,G2,Global,256,39,130,68,0,62,0.5213675213675214,0.5230769230769231
source,G2,Event,256,39,130,101,0,29,0.7735042735042735,0.7769230769230769
source,G2,Combined,256,39,130,93,0,37,0.7115384615384616,0.7153846153846154
source,G2,Agreement,256,39,130,56,4,70,0.4519230769230769,0.4461538461538462
source,G3,Global,256,16,52,24,0,28,0.44791666666666663,0.46153846153846156
source,G3,Event,256,16,52,31,0,21,0.6145833333333334,0.5961538461538461
source,G3,Combined,256,16,52,36,0,16,0.6979166666666666,0.6923076923076923
source,G3,Agreement,256,16,52,30,3,19,0.6041666666666666,0.6057692307692307
source,G4,Global,256,19,60,25,0,35,0.40350877192982454,0.4166666666666667
source,G4,Event,256,19,60,48,0,12,0.793859649122807,0.8
source,G4,Combined,256,19,60,47,0,13,0.7719298245614035,0.7833333333333333
source,G4,Agreement,256,19,60,26,2,32,0.45614035087719296,0.45
snr,20,Global,256,0,0,0,0,0,,
snr,20,Event,256,0,0,0,0,0,,
snr,20,Combined,256,0,0,0,0,0,,
snr,20,Agreement,256,0,0,0,0,0,,
snr,10,Global,256,1,3,0,0,3,0.0,0.0
snr,10,Event,256,1,3,3,0,0,1.0,1.0
snr,10,Combined,256,1,3,2,0,1,0.6666666666666666,0.6666666666666666
snr,10,Agreement,256,1,3,0,1,2,0.16666666666666666,0.16666666666666666
snr,0,Global,256,56,182,92,0,90,0.5014880952380952,0.5054945054945055
snr,0,Event,256,56,182,135,0,47,0.7366071428571428,0.7417582417582418
snr,0,Combined,256,56,182,132,0,50,0.71875,0.7252747252747253
snr,0,Agreement,256,56,182,84,7,91,0.48735119047619047,0.4807692307692308
snr,-5,Global,256,59,196,91,0,105,0.4548022598870056,0.4642857142857143
snr,-5,Event,256,59,196,132,0,64,0.6822033898305084,0.673469387755102
snr,-5,Combined,256,59,196,129,0,67,0.6610169491525424,0.6581632653061225
snr,-5,Agreement,256,59,196,86,15,95,0.4745762711864407,0.4770408163265306
source_snr,G1:20,Global,64,0,0,0,0,0,,
source_snr,G1:20,Event,64,0,0,0,0,0,,
source_snr,G1:20,Combined,64,0,0,0,0,0,,
source_snr,G1:20,Agreement,64,0,0,0,0,0,,
source_snr,G1:10,Global,64,1,3,0,0,3,0.0,0.0
source_snr,G1:10,Event,64,1,3,3,0,0,1.0,1.0
source_snr,G1:10,Combined,64,1,3,2,0,1,0.6666666666666666,0.6666666666666666
source_snr,G1:10,Agreement,64,1,3,0,1,2,0.16666666666666666,0.16666666666666666
source_snr,G1:0,Global,64,18,60,33,0,27,0.5416666666666666,0.55
source_snr,G1:0,Event,64,18,60,42,0,18,0.6990740740740741,0.7
source_snr,G1:0,Combined,64,18,60,44,0,16,0.7314814814814815,0.7333333333333333
source_snr,G1:0,Agreement,64,18,60,25,4,31,0.44907407407407407,0.45
source_snr,G1:-5,Global,64,23,76,33,0,43,0.43478260869565216,0.4342105263157895
source_snr,G1:-5,Event,64,23,76,45,0,31,0.6014492753623188,0.5921052631578947
source_snr,G1:-5,Combined,64,23,76,41,0,35,0.5434782608695652,0.5394736842105263
source_snr,G1:-5,Agreement,64,23,76,33,9,34,0.4891304347826087,0.4934210526315789
source_snr,G2:20,Global,64,0,0,0,0,0,,
source_snr,G2:20,Event,64,0,0,0,0,0,,
source_snr,G2:20,Combined,64,0,0,0,0,0,,
source_snr,G2:20,Agreement,64,0,0,0,0,0,,
source_snr,G2:10,Global,64,0,0,0,0,0,,
source_snr,G2:10,Event,64,0,0,0,0,0,,
source_snr,G2:10,Combined,64,0,0,0,0,0,,
source_snr,G2:10,Agreement,64,0,0,0,0,0,,
source_snr,G2:0,Global,64,22,73,35,0,38,0.48484848484848486,0.4794520547945205
source_snr,G2:0,Event,64,22,73,58,0,15,0.7840909090909091,0.7945205479452054
source_snr,G2:0,Combined,64,22,73,51,0,22,0.6856060606060606,0.6986301369863014
source_snr,G2:0,Agreement,64,22,73,34,2,37,0.4943181818181818,0.4794520547945205
source_snr,G2:-5,Global,64,17,57,33,0,24,0.5686274509803921,0.5789473684210527
source_snr,G2:-5,Event,64,17,57,43,0,14,0.7598039215686274,0.7543859649122807
source_snr,G2:-5,Combined,64,17,57,42,0,15,0.7450980392156863,0.7368421052631579
source_snr,G2:-5,Agreement,64,17,57,22,2,33,0.39705882352941174,0.40350877192982454
source_snr,G3:20,Global,64,0,0,0,0,0,,
source_snr,G3:20,Event,64,0,0,0,0,0,,
source_snr,G3:20,Combined,64,0,0,0,0,0,,
source_snr,G3:20,Agreement,64,0,0,0,0,0,,
source_snr,G3:10,Global,64,0,0,0,0,0,,
source_snr,G3:10,Event,64,0,0,0,0,0,,
source_snr,G3:10,Combined,64,0,0,0,0,0,,
source_snr,G3:10,Agreement,64,0,0,0,0,0,,
source_snr,G3:0,Global,64,6,18,8,0,10,0.4444444444444444,0.4444444444444444
source_snr,G3:0,Event,64,6,18,12,0,6,0.6666666666666666,0.6666666666666666
source_snr,G3:0,Combined,64,6,18,13,0,5,0.7222222222222222,0.7222222222222222
source_snr,G3:0,Agreement,64,6,18,13,0,5,0.7222222222222222,0.7222222222222222
source_snr,G3:-5,Global,64,10,34,16,0,18,0.45,0.47058823529411764
source_snr,G3:-5,Event,64,10,34,19,0,15,0.5833333333333334,0.5588235294117647
source_snr,G3:-5,Combined,64,10,34,23,0,11,0.6833333333333333,0.6764705882352942
source_snr,G3:-5,Agreement,64,10,34,17,3,14,0.5333333333333333,0.5441176470588235
source_snr,G4:20,Global,64,0,0,0,0,0,,
source_snr,G4:20,Event,64,0,0,0,0,0,,
source_snr,G4:20,Combined,64,0,0,0,0,0,,
source_snr,G4:20,Agreement,64,0,0,0,0,0,,
source_snr,G4:10,Global,64,0,0,0,0,0,,
source_snr,G4:10,Event,64,0,0,0,0,0,,
source_snr,G4:10,Combined,64,0,0,0,0,0,,
source_snr,G4:10,Agreement,64,0,0,0,0,0,,
source_snr,G4:0,Global,64,10,31,16,0,15,0.5,0.5161290322580645
source_snr,G4:0,Event,64,10,31,23,0,8,0.7416666666666667,0.7419354838709677
source_snr,G4:0,Combined,64,10,31,24,0,7,0.7666666666666666,0.7741935483870968
source_snr,G4:0,Agreement,64,10,31,12,1,18,0.39999999999999997,0.4032258064516129
source_snr,G4:-5,Global,64,9,29,9,0,20,0.2962962962962963,0.3103448275862069
source_snr,G4:-5,Event,64,9,29,25,0,4,0.8518518518518519,0.8620689655172413
source_snr,G4:-5,Combined,64,9,29,23,0,6,0.7777777777777778,0.7931034482758621
source_snr,G4:-5,Agreement,64,9,29,14,1,14,0.5185185185185185,0.5
