method,bin,n,predicted,observed
Global,0,2656,0.008127142822137893,0.04141566265060241
Global,1,125,0.1465684006098139,0.24
Global,2,97,0.2533304223552216,0.41237113402061853
Global,3,77,0.35327918863229807,0.3246753246753247
Global,4,75,0.44769031512575197,0.2
Global,5,76,0.5444299514097726,0.21052631578947367
Global,6,72,0.6563070602313716,0.20833333333333334
Global,7,87,0.7541276231354854,0.4367816091954023
Global,8,106,0.8453010850024443,0.660377358490566
Global,9,725,0.980059888198064,0.9434482758620689
Event,0,2805,0.008439705566062421,0.01140819964349376
Event,1,93,0.1441036044056673,0.1827956989247312
Event,2,72,0.248018881457113,0.2777777777777778
Event,3,41,0.34338156416346455,0.36585365853658536
Event,4,43,0.45354051169396287,0.5813953488372093
Event,5,57,0.5477832040741238,0.631578947368421
Event,6,66,0.6541040583345727,0.6515151515151515
Event,7,74,0.758442872979926,0.7567567567567568
Event,8,151,0.8571659893125051,0.8278145695364238
Event,9,694,0.9765158342021887,0.9711815561959655
Combined,0,2685,0.005866401337874422,0.04283054003724395
Combined,1,134,0.1476797687569634,0.21641791044776118
Combined,2,98,0.24849584821640572,0.12244897959183673
Combined,3,71,0.3479875092469022,0.18309859154929578
Combined,4,55,0.4467602456551912,0.14545454545454545
Combined,5,65,0.5512528414563602,0.26153846153846155
Combined,6,68,0.6521323201477448,0.3235294117647059
Combined,7,53,0.7570504716324954,0.41509433962264153
Combined,8,89,0.8550362112909963,0.6741573033707865
Combined,9,778,0.9824582861689599,0.9575835475578406
