heldout_record,method,n_train,n_test,failure_rate,AUROC,AUPRC,Brier,ECE_10bin
G1,Global,9216,1024,0.2919921875,0.9557882597162957,0.9104365626320019,0.11500369978925237,0.11123893887706017
G1,Event,9216,1024,0.2919921875,0.9814092953523239,0.9558221107241412,0.049858563793332075,0.017616796749239216
G1,Combined,9216,1024,0.2919921875,0.9561803713527852,0.9209660888120348,0.09941785540089634,0.09476948278516856
G2,Global,9216,1024,0.32421875,0.9799515983007172,0.9647759395659217,0.06018263126235797,0.053191293378481753
G2,Event,9216,1024,0.32421875,0.9858668779162894,0.9663951211720377,0.05594501060827356,0.06047132185180487
G2,Combined,9216,1024,0.32421875,0.9873685493418762,0.9748491238687635,0.06212518345813241,0.06949775309433379
G3,Global,9216,1024,0.162109375,0.936234448282641,0.7743181089710875,0.08517571494560125,0.08319771053608559
G3,Event,9216,1024,0.162109375,0.9924242424242424,0.9552358623969032,0.0236963927184612,0.023897535554367536
G3,Combined,9216,1024,0.162109375,0.9781714269666076,0.8998821834003283,0.07000970313503443,0.09804317093807063
G4,Global,9216,1024,0.240234375,0.9877735281208854,0.9537955755928252,0.06346889272953289,0.09896191766354935
G4,Event,9216,1024,0.240234375,0.9949056367170356,0.9852350108792601,0.028449654399040236,0.028953077317013198
G4,Combined,9216,1024,0.240234375,0.9926588918845487,0.9745544104337066,0.046563047423934356,0.0684928706526345
