,slow,qrs,fast
G1_p1,0.7343101092358812,0.09646762262655924,0.16922226813755947
G1_p2,0.5148784031714917,0.18108606920946974,0.3040355276190385
G1_p3,0.6777701828737291,0.1272099449960527,0.19501987213021824
G1_p4,0.5393477208258557,0.3269569230968771,0.13369535607726749
G2_p1,0.803612721040277,0.07355774329766768,0.12282953566205537
G2_p2,0.7644271030166973,0.11463604677582585,0.12093685020747706
G2_p3,0.7911712024986572,0.07978189464977568,0.12904690285156697
G2_p4,0.4629969430330202,0.34085803263020437,0.19614502433677541
G3_p1,0.49945830594962703,0.1911024385724877,0.30943925547788526
G3_p2,0.793216261152381,0.08358941145000535,0.12319432739761353
G3_p3,0.803834768438425,0.0709891833875421,0.12517604817403305
G3_p4,0.6552838028944319,0.18070628144747022,0.16400991565809794
G4_p1,0.6048196195493167,0.1530121800754531,0.2421682003752303
G4_p2,0.8454426762397619,0.07096532813068822,0.08359199562954983
G4_p3,0.9832408176418124,0.01049093456742828,0.006268247790759508
G4_p4,0.7839493543562973,0.14287779799422126,0.0731728476494815
