,I_II,I_V1,II_V1
G1_p1,0.25264416095132713,-0.31373604317783277,0.09324777883456936
G1_p2,0.1532838310354157,-0.19002456660321157,0.28276930699217806
G1_p3,0.04818554630439372,-0.3962406460533587,0.08767001457732854
G1_p4,-0.29088874010922605,-0.5116721077162211,0.7727834174568997
G2_p1,-0.005515013013341088,-0.2504909082349378,0.019424307918725268
G2_p2,0.033209920305457954,-0.595136233131222,0.16765440483458574
G2_p3,0.1926043441818787,-0.4554288137780407,-0.029492835969255112
G2_p4,-0.629515920215904,-0.8232972700641087,0.793768586047007
G3_p1,0.23934707392667381,-0.29365893514064156,0.5230241699507118
G3_p2,0.03242082632426209,-0.9928185565653682,0.04347459522172728
G3_p3,0.5042705438956725,-0.9173903532121188,-0.5477095209098207
G3_p4,0.038262596089542925,-0.4090844971922565,0.2382007388886971
G4_p1,0.1688284199207356,-0.2064840471095671,0.5809991489738869
G4_p2,0.07097683988595901,0.002453752248525645,0.49852836728856825
G4_p3,0.9834868353249872,0.9433180720242431,0.9463142632989763
G4_p4,0.6074358151773105,0.2264339696143925,0.2331160347974731
