method,coverage,n_retained,failure_rate,mean_f1
Global,0.25,1024,0.005859375,0.9990188007965353
Global,0.5,2048,0.01611328125,0.9971471456880234
Global,0.6,2458,0.035394629780309196,0.9947639297318993
Global,0.7,2868,0.06101813110181311,0.9913488144143031
Global,0.8,3277,0.09032651815685078,0.987353214967641
Global,0.9,3687,0.17466775155953349,0.9723307665180257
Global,1.0,4096,0.254638671875,0.942905519932697
Event,0.25,1024,0.0,0.9999244610191638
Event,0.5,2048,0.00146484375,0.9994993378896192
Event,0.6,2458,0.004882017900732303,0.9983052499779672
Event,0.7,2868,0.015341701534170154,0.9961597438040273
Event,0.8,3277,0.08178211779066219,0.9875882418307795
Event,0.9,3687,0.17222674260916734,0.9726918269209157
Event,1.0,4096,0.254638671875,0.942905519932697
Combined,0.25,1024,0.00390625,0.9990187497337812
Combined,0.5,2048,0.01220703125,0.9979040252242424
Combined,0.6,2458,0.02888527257933279,0.9952981996708771
Combined,0.7,2868,0.05160390516039052,0.9920268304046599
Combined,0.8,3277,0.08269758925846811,0.9882003295272228
Combined,0.9,3687,0.1741253051261188,0.9733084029586971
Combined,1.0,4096,0.254638671875,0.942905519932697
Agreement,0.25,1024,0.0048828125,0.9984459647115757
Agreement,0.5,2048,0.05517578125,0.9915805916809981
Agreement,0.6,2458,0.061838893409275834,0.9905453221422382
Agreement,0.7,2868,0.1694560669456067,0.9591197545510858
Agreement,0.8,3277,0.2230698809887092,0.9434776824025785
Agreement,0.9,3687,0.25115269867100626,0.940552626253296
Agreement,1.0,4096,0.254638671875,0.942905519932697
