residual,shift_samples,periodogram_error,energy_error,covariance_error
G1_p1,0,0.0,0.0,0.0
G1_p1,69,3.4299712134557935e-16,3.337167293810824e-16,2.829720820285252e-16
G1_p1,196,3.4299712134557935e-16,3.337167293810824e-16,4.244581230427878e-16
G1_p1,367,3.4299712134557935e-16,3.337167293810824e-16,1.414860410142626e-16
G1_p2,0,0.0,0.0,0.0
G1_p2,69,3.047001735670222e-16,1.1428251666067738e-16,2.43310853062859e-16
G1_p2,196,4.570502603505334e-16,2.2856503332135477e-16,2.43310853062859e-16
G1_p2,367,4.570502603505334e-16,0.0,1.216554265314295e-16
G1_p3,0,0.0,0.0,0.0
G1_p3,69,2.577085641157911e-16,0.0,6.40589142372725e-16
G1_p3,196,6.442714102894778e-16,0.0,6.40589142372725e-16
G1_p3,367,3.8656284617368668e-16,0.0,2.1352971412424165e-16
G1_p4,0,0.0,0.0,0.0
G1_p4,69,6.295822028938158e-16,0.0,3.2142269381893556e-16
G1_p4,196,2.6232591787242326e-16,0.0,4.821340407284034e-16
G1_p4,367,2.6232591787242326e-16,1.693334263778946e-16,3.2142269381893556e-16
G2_p1,0,0.0,0.0,0.0
G2_p1,69,2.9953707810421397e-16,0.0,1.1633591958483313e-16
G2_p1,196,2.9953707810421397e-16,0.0,2.3267183916966627e-16
G2_p1,367,5.990741562084279e-16,0.0,5.816795979241657e-16
G2_p2,0,0.0,0.0,0.0
G2_p2,69,6.100465257554392e-16,1.446559515326733e-16,3.841134706028513e-16
G2_p2,196,3.6602791545326354e-16,1.446559515326733e-16,8.962647647399863e-16
G2_p2,367,3.6602791545326354e-16,0.0,1.2803782353428377e-16
G2_p3,0,0.0,0.0,0.0
G2_p3,69,3.1748107372088934e-16,0.0,5.715234264262606e-16
G2_p3,196,3.1748107372088934e-16,0.0,5.715234264262606e-16
G2_p3,367,3.1748107372088934e-16,0.0,7.144042830328257e-17
G2_p4,0,0.0,0.0,0.0
G2_p4,69,5.099538849452488e-16,0.0,3.257461370513199e-16
G2_p4,196,4.0796310795619906e-16,0.0,3.257461370513199e-16
G2_p4,367,2.0398155397809953e-16,1.6074236904982356e-16,1.6287306852565995e-16
G3_p1,0,0.0,0.0,0.0
G3_p1,69,3.770078683949667e-16,0.0,1.037701887851873e-16
G3_p1,196,3.770078683949667e-16,0.0,2.075403775703746e-16
G3_p1,367,3.770078683949667e-16,0.0,2.075403775703746e-16
G3_p2,0,0.0,0.0,0.0
G3_p2,69,4.737693636990813e-16,0.0,1.845826846468193e-16
G3_p2,196,2.3688468184954066e-16,0.0,6.152756154893977e-16
G3_p2,367,1.776635113871555e-16,0.0,1.2305512309787954e-16
G3_p3,0,0.0,0.0,0.0
G3_p3,69,3.835091433061729e-16,1.198104202219385e-16,5.123396841473207e-16
G3_p3,196,3.835091433061729e-16,1.198104202219385e-16,3.415597894315471e-16
G3_p3,367,3.835091433061729e-16,1.198104202219385e-16,1.7077989471577354e-16
G3_p4,0,0.0,0.0,0.0
G3_p4,69,1.4436038350083259e-16,0.0,1.83954161146768e-16
G3_p4,196,5.774415340033303e-16,0.0,9.1977080573384e-17
G3_p4,367,2.8872076700166517e-16,0.0,1.83954161146768e-16
G4_p1,0,0.0,0.0,0.0
G4_p1,69,4.923243536664271e-16,0.0,5.034414662435287e-16
G4_p1,196,3.077027210415169e-16,0.0,3.356276441623524e-16
G4_p1,367,3.077027210415169e-16,2.1121691065967598e-16,1.678138220811762e-16
G4_p2,0,0.0,0.0,0.0
G4_p2,69,3.744210550288127e-16,0.0,2.631994837375896e-16
G4_p2,196,2.496140366858751e-16,2.427382797969121e-16,1.315997418687948e-16
G4_p2,367,2.496140366858751e-16,0.0,2.631994837375896e-16
G4_p3,0,0.0,0.0,0.0
G4_p3,69,3.0872301069521184e-16,3.910367680525439e-16,5.967318454952798e-16
G4_p3,196,3.0872301069521184e-16,1.3034558935084798e-16,2.983659227476399e-16
G4_p3,367,4.630845160428178e-16,1.3034558935084798e-16,4.475488841214599e-16
G4_p4,0,0.0,0.0,0.0
G4_p4,69,3.6501321207660785e-16,0.0,3.131854138209926e-16
G4_p4,196,5.475198181149118e-16,0.0,3.914817672762407e-16
G4_p4,367,5.475198181149118e-16,0.0,3.131854138209926e-16
