detector,failure_threshold,method,n,AUROC,AUPRC,Brier,risk_at_80pct
energy,0.9,Global,4096,0.9686642316184815,0.8786340733934217,0.05985187284053264,0.0366188587122368
energy,0.9,Event,4096,0.9841821079516864,0.9273581041652998,0.03960128835056351,0.025328043942630454
energy,0.95,Global,4096,0.9470024454515449,0.8903675632688197,0.08095773468168613,0.09032651815685078
energy,0.95,Event,4096,0.9852051280682377,0.959499882750738,0.03948740537977677,0.08178211779066219
energy,0.95,Agreement_features,4096,0.9621953666748422,0.9093907900688382,0.06453972217320536,0.09826060421116875
energy,0.95,Morphology_features,4096,0.9827229335117935,0.9514531615412504,0.0430569125282655,0.08361306072627403
energy,0.98,Global,4096,0.9026177055035814,0.84489774942335,0.14072462441983385,0.2541959108941105
energy,0.98,Event,4096,0.9746087717854851,0.9619661359626089,0.06498670829848623,0.21025328043942632
amplitude,0.95,Global,4096,0.9737856101334614,0.9369972382206885,0.05614797410772299,0.10466890448581019
amplitude,0.95,Event,4096,0.9893914131323888,0.9734555541641783,0.03360162292756315,0.09978638999084528
