group,phase,preprocessing,lead,low_rms_uV,slow_rms_uV,qrs_rms_uV,fast_rms_uV,line_rms_uV
G1,0,raw,I,34.45058568313805,37.52031855900911,18.929019107972415,17.83158121264322,28.647442829557953
G1,0,raw,II,160.1646089142662,81.36955471908693,63.73270004098841,55.23160224752947,57.07279249198368
G1,0,raw,III,151.15962230358153,47.159889794205526,47.580445361565786,47.28626087037493,79.66204959918429
G1,0,raw,aVR,87.79216677782338,58.80795497741517,40.547598131715624,33.54474580185131,21.27156024289451
G1,0,raw,aVL,74.86562393563365,12.675316417744765,17.194156244748882,22.679184423492682,52.62160347993586
G1,0,raw,aVF,154.77162520414765,63.80114610333873,55.43736083691562,50.63367313191305,67.79752133684454
G1,0,raw,V1,66.18331350119831,45.58152605692046,34.79436777281387,13.39298141293801,84.74985038827447
G1,0,raw,V2,70.73640452989343,57.4603031535576,36.51703307343387,19.253431141708628,9.273663853553536
G1,0,raw,V3,60.3231411255057,63.03068601482756,42.68847963424396,31.412221981516566,42.61918869321223
G1,0,raw,V4,64.52419910015432,58.46819404265384,49.989299899050195,42.63372555766572,41.28758313968252
G1,0,raw,V5,66.44598360250131,62.83643788493026,59.42455717945124,52.619804065398384,18.51350761943851
G1,0,raw,V6,62.710069221646336,56.179057108184004,55.020478858874164,49.95317307525782,125.09312788375071
G1,0,filtered,I,0.8046106100175029,37.47001384629093,18.928785195772054,17.351444106053915,3.703998255461998
G1,0,filtered,II,4.467557122298213,80.62631721005444,63.73128610338198,53.32517965982722,7.379935871095592
G1,0,filtered,III,4.196141671301059,45.88676434967913,47.579241253527066,45.39004796274504,10.300439975053367
G1,0,filtered,aVR,2.429265569272421,58.53121984570441,40.54678555846484,32.51552837713148,2.750774863389159
G1,0,filtered,aVL,2.0341423055881305,11.3862980528879,17.193671699981874,21.67419749090313,6.803930482647576
G1,0,filtered,aVF,4.315262011160184,62.86571880014592,55.436051321134215,48.750871446212585,8.766490620622724
G1,0,filtered,V1,2.3194209883517467,45.29954513492185,34.79412268276379,12.80996480479298,10.958598884481745
G1,0,filtered,V2,1.8219911925339016,57.297524595148225,36.5165717331441,18.353680987536595,1.2000506922974876
G1,0,filtered,V3,1.7150774853559456,62.88959689693062,42.68764019548031,30.361344533175004,5.511139151074164
G1,0,filtered,V4,1.4786894028827327,58.35338052610513,49.98815217016083,41.31048313102538,5.338817112517514
G1,0,filtered,V5,2.3417495378754616,62.63921919243741,59.42315629231729,51.03405364603937,2.3943020491762512
G1,0,filtered,V6,1.8996217520765604,55.996860943527935,55.01916169211751,48.37083801846877,16.175834887398626
G1,1,raw,I,56.88909892477927,40.38239182873233,20.938199141923803,18.609541953581036,27.545814504094714
G1,1,raw,II,165.35974571860584,75.52818802777693,66.35092316255427,56.336434374853056,56.59494890275293
G1,1,raw,III,173.70934701855705,47.32856333207542,48.99889182098031,48.39977584023325,78.75654289326494
G1,1,raw,aVR,88.01348322782526,55.74606848482165,42.663845865017585,34.26980988495597,20.742029960322228
G1,1,raw,aVL,99.34632370154898,22.566312099101264,17.861649989985118,23.47292519128044,51.768092607996245
G1,1,raw,aVF,167.1834291392248,59.70398357284516,57.37652966394163,51.68739988428299,67.17959266569117
G1,1,raw,V1,74.98990861756141,46.233715510678266,34.23987776556493,14.762262051785275,82.43142975323693
G1,1,raw,V2,117.06553401940747,76.32918521272074,35.30974908618258,19.387164576462784,19.74332899133878
G1,1,raw,V3,66.07552798715513,62.12054914646753,43.82363464589273,32.421672620717175,40.22550076978091
G1,1,raw,V4,166.17518815573217,68.50874579997652,52.6443496943788,43.831831925504524,40.150368317343
G1,1,raw,V5,73.55247603014571,60.542665136402796,62.31747669837268,53.555781952742045,20.54231435328336
G1,1,raw,V6,69.79369754609874,56.45578994192691,57.74225394748398,50.596060218727565,115.85841375138972
G1,1,filtered,I,3.9410023417781317,39.48319285252902,20.937915374316226,17.98244677931605,3.577928803022988
G1,1,filtered,II,4.2112918201700635,73.90145673436643,66.34941944703415,54.3538259622126,7.351003578390237
G1,1,filtered,III,5.175383134525181,45.02187636486672,48.99763518392502,46.36349107293841,10.229677412015063
G1,1,filtered,aVR,3.1523152568419266,54.80357264623155,42.66296774939679,33.18825196260299,2.694037690165177
G1,1,filtered,aVL,4.089535465666818,20.67823995784766,17.861156504546337,22.313364809864467,6.724182019719616
G1,1,filtered,aVF,4.2868298109159895,57.917758071078815,57.37514951817105,49.71029825456267,8.725902999221264
G1,1,filtered,V1,5.017672331324788,45.147312442322004,34.239644811918524,14.009127450927526,10.70760596167643
G1,1,filtered,V2,12.031002396221563,71.2670600869936,35.309313969268246,18.29436655438603,2.5641444745836415
G1,1,filtered,V3,2.77687544821678,61.614796396008074,43.82274981857583,31.202989309878454,5.224625443195926
G1,1,filtered,V4,11.548973551376942,64.76758028450168,52.64313746654366,42.35629012940826,5.214609945757758
G1,1,filtered,V5,3.2159499462594145,60.01537098881545,62.31600759762821,51.84167486112838,2.6669798860800933
G1,1,filtered,V6,3.0393083800235066,55.50579921069882,57.74086899112901,48.92208591785532,15.04983660768839
G1,2,raw,I,228.3473909575131,76.49563636457236,27.86757007795655,32.60231040245836,31.15730927967777
G1,2,raw,II,284.96440905848567,92.08666160452648,69.51204690085774,63.09617776003612,61.953332745318036
G1,2,raw,III,295.7603208206059,88.94509496056288,52.40962204239391,56.7455253425025,87.56903223748257
G1,2,raw,aVR,211.67210692625986,72.02749707408972,46.01707229433245,41.43676488522493,22.07742802385674
G1,2,raw,aVL,222.50206865778452,69.00302775107032,23.530911717385106,33.855586437187014,57.9655311777324
G1,2,raw,aVF,267.02772919998995,82.05300717097298,59.95995503645833,57.748276911668114,74.23328729244848
G1,2,raw,V1,194.50700382601693,71.17461484264506,35.88892571948083,25.372081259654347,82.61138055545821
G1,2,raw,V2,234.90746793640238,83.761325993492,38.555251223729435,27.4361976208142,12.3322454609201
G1,2,raw,V3,161.0120178886638,72.85052606186595,46.636520151275995,39.23506300224252,40.06554169550259
G1,2,raw,V4,154.05298402606198,66.72951422916437,53.28292046205293,48.88498398283368,43.50120659731728
G1,2,raw,V5,176.0865424359369,70.79567040273439,62.89722716887908,58.829891826563234,22.16606158949677
G1,2,raw,V6,176.04348056757806,102.85008168865286,58.55727700630106,55.56401071016917,109.5002434023186
G1,2,filtered,I,12.470056906149624,69.27673073191085,27.866857512534335,30.17567667754767,4.004660120729186
G1,2,filtered,II,8.844018800842868,87.73244769910407,69.51050214803469,60.41132159027091,7.962271552291898
G1,2,filtered,III,17.472871355525292,76.36158117865385,52.40826729582155,53.65526509525768,11.253988945867967
G1,2,filtered,aVR,6.366646334190794,69.2123625522,46.01607553899359,39.50098418400815,2.8380395837743064
G1,2,filtered,aVL,14.520592590765363,58.23171520472724,23.530121909353408,31.34242370373222,7.44951964022075
G1,2,filtered,aVF,12.364601536934732,74.59370197589116,59.95855033274969,55.10503387736624,9.540214466270465
G1,2,filtered,V1,12.380383107482487,61.88748471578245,35.88859767300067,23.367385629004644,10.615876641375326
G1,2,filtered,V2,9.088155457410606,77.43093983888552,38.554692997273214,25.72051304322163,1.5880797960158113
G1,2,filtered,V3,6.361961562268817,70.74730786128755,46.635553558978984,37.33540814922674,5.150379380004851
G1,2,filtered,V4,4.868490087073229,65.14727949477441,53.28169919775275,46.7317133313773,5.5911077295946825
G1,2,filtered,V5,4.829301956319515,69.2367868336656,62.89580223883647,56.35245730689576,2.851181448697603
G1,2,filtered,V6,12.51062639804944,93.17758726304653,58.555934385464205,53.29389042856342,14.070288116516686
G1,3,raw,I,841.8018528274059,254.7008146061453,65.93148208392589,33.863124114654205,63.78835336588698
G1,3,raw,II,357.57372249063314,99.4070256604468,68.23561810567747,67.61917159233188,50.94203748983769
G1,3,raw,III,1066.3240996369784,248.8860645959784,77.33734534863008,61.65780199709434,102.2761460547146
G1,3,raw,aVR,366.036735660612,147.9562860047758,54.829405501338734,43.69337059601157,26.77536351615224
G1,3,raw,aVL,943.8612083835118,246.85613192280667,63.245456462202256,36.4843770571795,81.33823973116186
G1,3,raw,aVF,674.7558346433901,140.33847907864057,65.0526110119597,62.45270741346234,74.2328236794747
G1,3,raw,V1,500.49814960033314,110.93190637679093,37.37130615387514,21.43932855641612,63.40419348944279
G1,3,raw,V2,507.0335455888143,179.21045821398369,42.514498775303885,29.564171156125756,17.161878564907138
G1,3,raw,V3,481.4712706996058,171.76540176860775,47.57862910862435,39.93011880690369,36.09522100075711
G1,3,raw,V4,271.6504207333994,124.77504738514492,52.47198681608043,49.89492050292771,39.14905684551633
G1,3,raw,V5,1458.9583445777541,607.949192287706,63.26666157826151,60.797894522923784,21.67933895952866
G1,3,raw,V6,322.4794230139452,196.200189974111,69.92948223487342,59.43610820032712,77.91054862485093
G1,3,filtered,I,39.336325967451465,225.3000750291137,65.93101827907493,32.235848099398765,8.267676364802588
G1,3,filtered,II,8.558536592980888,95.48327253034174,68.23400116413742,65.12095112547767,6.599480332721121
G1,3,filtered,III,41.30530994608567,219.7779913974629,77.33636281569937,58.90956295933573,13.249384749074988
G1,3,filtered,aVR,19.589930759977115,133.65252782843888,54.82846696471928,42.09940542421073,3.4737958360106775
G1,3,filtered,aVL,40.10517981543135,217.37520746891076,63.24505011241402,34.56238832173056,10.538598065471966
G1,3,filtered,aVF,22.424360727198607,126.56887242079107,65.05129646199296,59.96457259166605,9.615666920563559
G1,3,filtered,V1,23.425915796261037,98.10182412179901,37.37107490950752,20.02647282322406,8.21028927284658
G1,3,filtered,V2,22.202513462534306,163.8334192168298,42.51399248390517,28.150468470090384,2.2196087524795187
G1,3,filtered,V3,24.025627746197248,156.51729493659818,47.57778194730261,38.381861670376914,4.675664168540214
G1,3,filtered,V4,21.15016088362592,109.40040322553622,52.47084285951237,48.052974179837996,5.070619368990926
G1,3,filtered,V5,189.92445213691764,487.1620071221416,63.26525165725279,58.54489318563907,2.80873547907136
G1,3,filtered,V6,21.005852891414474,177.44083537217642,69.92816058872268,57.210696664377515,10.090667766697957
G1,4,raw,I,65.99368911909053,67.24759947753991,49.39374777169207,40.741524709756796,68.97865359820831
G1,4,raw,II,210.708708597911,157.50897222729108,106.33298467796273,71.24707467591041,39.930005840253976
G1,4,raw,III,213.03907705610283,185.91321553911547,127.12117297347945,81.14330579430838,96.91102869871102
G1,4,raw,aVR,114.15012638207256,77.61911527304802,53.228515104124845,41.496382058773634,28.78008232183783
G1,4,raw,aVL,117.34934046888723,115.50200254007903,80.45552535974456,53.41364566273089,81.70862700004248
G1,4,raw,aVF,209.29193096025335,168.98473337323242,114.55702747804249,73.58819812736519,65.60154542285866
G1,4,raw,V1,73.76570837670549,124.99356257559516,80.4892761996772,45.33677134585327,55.98812250556059
G1,4,raw,V2,118.80882050919867,101.51345783457172,45.730599900645174,26.308743090199204,14.892739673517307
G1,4,raw,V3,89.61865736242825,60.34633780876593,51.25136814549245,38.29010175992624,37.337127266102904
G1,4,raw,V4,93.33267235053981,62.188235572419444,59.11454468221994,49.93788632249141,38.27134306393497
G1,4,raw,V5,104.99308574437825,113.06596572985605,73.1494130540064,60.26788335266683,20.47986493817339
G1,4,raw,V6,97.43484689716884,357.6825715720682,205.9809836498623,96.47093624022109,69.20338712597683
G1,4,filtered,I,1.965690863243245,66.18975376060345,49.393048153233806,39.23868808462641,8.865478571552266
G1,4,filtered,II,5.287669134843952,155.35930747597132,106.33172193257782,68.45087490879371,5.134126781447133
G1,4,filtered,III,5.873080847421542,183.08905356926306,127.12000789792924,77.67382110409856,12.456606144994343
G1,4,filtered,aVR,2.699707959179641,76.67071524989437,53.227624834428816,40.053624529657576,3.6994898151553426
G1,4,filtered,aVL,3.491224482204008,113.65392168788614,80.45480740534984,51.13773552683485,10.502002619743541
G1,4,filtered,aVF,5.500934158612483,166.5346423493666,114.55587041741275,70.52980731360631,8.432909916160762
G1,4,filtered,V1,3.611852727348758,123.55338716530888,80.48855845633723,43.54479097974984,7.196476029484147
G1,4,filtered,V2,4.799669810638942,98.78643784109657,45.73015194069477,24.926115644390407,1.9152894356878978
G1,4,filtered,V3,4.044812524761345,59.30621681166331,51.25065426630116,36.63239413860288,4.799182955972237
G1,4,filtered,V4,2.198069726114108,61.32512818145806,59.11356720895487,47.90226788844711,4.919526333270399
G1,4,filtered,V5,6.451620841708533,108.64847438760609,73.14823215828608,57.841053815092145,2.633230847584789
G1,4,filtered,V6,3.6094258808847375,355.5971533577068,205.97947510056312,93.37658232391972,8.894783479891887
G1,5,raw,I,876.295248899891,144.7406268471113,17.92449957161626,17.38421144417588,80.54979224031403
G1,5,raw,II,882.2948444834992,160.68405738652805,63.24676278552141,54.05343217748717,63.81209577579691
G1,5,raw,III,75.28009509973224,44.90930564197474,47.9697060206973,46.64702905405147,134.2702971650076
G1,5,raw,aVR,878.4941688729504,151.26267300902282,39.81767409005674,32.68035861122835,27.802843801200883
G1,5,raw,aVL,438.3710526834952,70.91195824485916,17.639499414402312,22.552930652382766,106.02072898044047
G1,5,raw,aVF,447.3056023001124,93.16997236608705,55.410296227838394,49.73235086926668,97.09882016044223
G1,5,raw,V1,271.30975348965325,65.92324805574852,34.88702316526381,14.329098850717699,96.89360554260897
G1,5,raw,V2,388.87865202895256,90.69719645215059,34.08203150315793,18.91330588011548,30.120645826133075
G1,5,raw,V3,323.2465610593654,92.20031868693312,42.95500772850045,30.96589437707955,48.073692060072716
G1,5,raw,V4,279.98132637055625,81.44499020718352,51.252604198292076,41.75136134718282,53.555670911202505
G1,5,raw,V5,243.65214431162067,77.0140719165467,60.53519917811134,51.75752183221046,35.91414795797952
G1,5,raw,V6,216.70454074206953,95.75499030894356,55.5481988858348,48.3712931309263,120.11189177249989
G1,5,filtered,I,29.927166072270733,120.24107894806555,17.924224044721512,16.775409861172495,10.4169722756484
G1,5,filtered,II,30.948035189123086,137.12894233192105,63.24537391933248,52.03310907563503,8.253730902999223
G1,5,filtered,III,7.261581008276409,42.97363410988136,47.96856784190991,44.5838842999886,17.3661862604245
G1,5,filtered,aVR,30.22458330407919,127.15914689346849,39.81685183059264,31.58320318183108,3.5947998967175296
G1,5,filtered,aVL,15.321151830447661,58.74724198907255,17.639056767747086,21.3940984297861,13.711960102659118
G1,5,filtered,aVF,16.77339867542603,81.92106420331739,55.40903319494622,47.7203310515886,12.558898107618022
G1,5,filtered,V1,10.468304539943011,60.410778984882626,34.88680119846004,13.704567009628825,12.531879224568648
G1,5,filtered,V2,13.397498197861065,82.05612618344179,34.081633225442005,17.8716276750537,3.897010823922227
G1,5,filtered,V3,13.596920523259152,83.16148649937563,42.954209558792556,29.834378072635452,6.214599301412104
G1,5,filtered,V4,12.885125628993,75.95453459284803,51.25150526679759,40.369245397658965,6.9262252589067845
G1,5,filtered,V5,9.402394491985003,73.13593293229272,60.533830105623856,50.13811151621478,4.644051468106593
G1,5,filtered,V6,7.040694728640867,90.27862631860452,55.54694550388166,46.76793218292058,15.531920909396677
G2,0,raw,I,19.760372646979015,22.075916511282262,12.244236971248888,12.634879765001351,21.832159103738686
G2,0,raw,II,105.9117069394096,76.62886747402753,67.56722426709098,62.0076580116068,27.115543780422886
G2,0,raw,III,106.33744392157075,56.856865707419566,58.37497362432627,59.555482915868645,48.796957098795595
G2,0,raw,aVR,54.56159823575011,48.697935434318005,38.80355886608809,33.40031486444952,3.2653004905969096
G2,0,raw,aVL,55.179160348421505,19.799717203882715,25.247712639638394,29.866544041594693,35.28568998885792
G2,0,raw,aVF,105.6638667734164,66.56205173939654,62.84109591379751,60.464804242175056,37.93464215624908
G2,0,raw,V1,45.98741592457488,48.59635807983102,36.81863222939472,14.98419296064337,29.841146951508204
G2,0,raw,V2,73.30934430289426,64.64128195166886,43.50639381570993,20.401833413341276,17.71136538786321
G2,0,raw,V3,46.18661916950989,60.58851791471194,46.34656778028603,36.97364888643397,24.636570933846997
G2,0,raw,V4,119.57371264964338,70.69687163634535,55.74155511940559,49.82986981452682,14.08092408094355
G2,0,raw,V5,40.413973757072355,59.38308063459,60.437401125022696,56.002606325450884,21.907867849479448
G2,0,raw,V6,38.40823651843441,58.549660220414765,61.45847696819725,58.41575117046231,17.38393310471679
G2,0,filtered,I,0.6077705605458603,21.980151180608612,12.244146532126395,12.207466037551038,2.8331991606284084
G2,0,filtered,II,2.275471969614241,76.32641408713654,67.56571621801011,59.879842433704724,3.5185371212994303
G2,0,filtered,III,2.2777185153851436,56.44446649498051,58.37346949545305,57.362927902613684,6.332345399606186
G2,0,filtered,aVR,1.2151454483134052,48.55851951188157,38.80279733398996,32.321548602770314,0.4229786210820604
G2,0,filtered,aVL,1.218298064395003,19.445360630845848,25.24696081916337,28.69433706915622,4.579059074020206
G2,0,filtered,aVF,2.256222705389412,66.21984507057171,62.83959097112778,58.31633524972824,4.922661525638405
G2,0,filtered,V1,1.132898338244314,48.47218416726796,36.81839810352829,14.206147167039367,3.8734336827951195
G2,0,filtered,V2,1.7248953369060975,64.41086658292286,43.50590866043092,19.488628447571276,2.2988162925400863
G2,0,filtered,V3,1.8942098408201355,60.28770807714481,46.345611789033235,35.804670931355886,3.197909075199688
G2,0,filtered,V4,7.214904699816898,67.48025304010854,55.74025985339715,48.34944288289018,1.8261024676901287
G2,0,filtered,V5,0.931493424071617,59.302721476058636,60.43596545682015,54.303196610021345,2.8435022127333243
G2,0,filtered,V6,1.0183116275187634,58.44489384863338,61.45700003846302,56.590033686287114,2.2561838180797467
G2,1,raw,I,31.87664814837228,27.98000985941734,13.182911484892568,11.692930676563895,22.707852265343462
G2,1,raw,II,203.676060399892,74.64137629405988,69.52301732921683,61.25891523893603,30.57690820036325
G2,1,raw,III,199.21998740918087,55.4109307755226,59.90727274681215,59.084029804115104,53.153275965771236
G2,1,raw,aVR,106.43250580892705,49.08681280190154,40.07991036540768,32.7407852312021,4.35651791285566
G2,1,raw,aVL,99.9068448367904,23.103946347005984,25.94171846559796,29.591551645487346,37.90411351591083
G2,1,raw,aVF,200.82888315024923,64.22719762148371,64.55786818392701,59.8966399735477,41.84731044963917
G2,1,raw,V1,56.10883250350863,47.79228744116907,35.14503857671986,14.508020431345685,29.124209061331754
G2,1,raw,V2,149.1814109673245,65.19361961969116,41.83006785018441,19.03783148900106,17.63907538470947
G2,1,raw,V3,67.28940717639124,62.544997049981674,46.72805133137393,36.399054440910206,23.963033654625583
G2,1,raw,V4,402.3284980467185,156.29937848986242,57.90459779242212,49.64815007506192,13.54363160847905
G2,1,raw,V5,58.464051783128305,59.682443371044684,62.50233876616866,55.48113293795892,21.971831948386374
G2,1,raw,V6,68.30671201632768,58.58227409302271,63.25867217158676,57.65334527512026,17.88533113616629
G2,1,filtered,I,2.1731169996522004,27.313243725409,13.18282053078159,11.312934935035138,2.924426085772468
G2,1,filtered,II,6.581091511019769,72.89869423402833,69.52154221747676,59.16219965764232,3.9378906424040094
G2,1,filtered,III,5.709346355900063,53.42940353435713,59.90580618500406,56.862766987000136,6.8454060781190025
G2,1,filtered,aVR,3.983395854318367,48.12942095440464,40.07916405133176,31.71325614365366,0.5610073330549789
G2,1,filtered,aVL,2.7985434218278824,21.721010960996505,25.940990301745575,28.38374386948935,4.881514158013631
G2,1,filtered,aVF,6.064082063223303,62.43362131759049,64.556398088782,57.74750596054819,5.389361424155424
G2,1,filtered,V1,1.86566344083131,47.472031173850525,35.14482617338267,13.660058539784822,3.750861816039693
G2,1,filtered,V2,4.873691855925814,64.29014743980849,41.829627356572054,18.036811032556848,2.2715615252018098
G2,1,filtered,V3,4.700538220767778,61.92497292423175,46.72712530717197,35.18445100593763,3.0859633210369886
G2,1,filtered,V4,28.364952925644864,132.63265704823536,57.90334044376485,48.15091927002419,1.74428785380019
G2,1,filtered,V5,2.3440721759578937,59.39774184607295,62.500947563633034,53.79452832755522,2.829391060085896
G2,1,filtered,V6,2.5985308630527304,58.246301477733574,63.25725036601429,55.86156259315665,2.302629379638354
G2,2,raw,I,199.67401142296842,125.4201442346126,24.0655741287558,27.120987614025633,22.840320297055943
G2,2,raw,II,255.44215197095187,100.03899007865246,72.79840726069905,67.41281442340303,31.74291287376764
G2,2,raw,III,325.61165904601415,147.33887553211468,62.93311484804763,66.01057063794454,53.41636266319812
G2,2,raw,aVR,161.4139516707621,86.26598400949905,44.150149974844936,39.37853349015493,7.163757704617702
G2,2,raw,aVL,237.97827300266846,127.34806055633146,30.740240343704247,37.55462442140209,37.88919220953122
G2,2,raw,aVF,275.0807064221122,109.20493919486898,66.97241639323859,65.32269513671923,42.42687946479833
G2,2,raw,V1,126.29400175552303,74.60755686747915,33.447810148470644,26.865344291401723,28.172768037313897
G2,2,raw,V2,230.59508239039658,100.16079745239198,41.643949821624425,27.234956584329083,17.123945591584437
G2,2,raw,V3,143.90614901537398,93.7293392030883,48.26306121749616,41.66063050905434,22.797333976620546
G2,2,raw,V4,571.0471037136284,203.6759915880718,61.29814095446319,54.960181920291355,13.259722260091799
G2,2,raw,V5,152.55231110522047,105.02958556772829,66.25020470012277,63.86854747255885,21.531213514497242
G2,2,raw,V6,133.51838946763104,113.76239270590065,67.08699954540755,64.78988916775299,17.91963454414828
G2,2,filtered,I,18.24898005047895,106.25800563679562,24.064982167106674,24.855105519361622,2.9643876167374357
G2,2,filtered,II,10.067987207112477,94.1001556642316,72.79678233781074,64.36484430892617,4.121759036949617
G2,2,filtered,III,21.38479768722938,129.2931883548962,62.93156313374014,62.7296560576035,6.938599082152494
G2,2,filtered,aVR,10.142358040033947,76.7699120113284,44.149201953228605,37.37047349671958,0.9231502828697182
G2,2,filtered,aVL,19.230869218586434,108.58193373870044,30.739382279010762,35.223354667235064,4.921244882433666
G2,2,filtered,aVF,14.002880098088136,99.81529434421822,66.97085737036231,62.32557579688604,5.5108646241028465
G2,2,filtered,V1,8.999801138747662,67.85762043308304,33.44747558506322,24.471168536434515,3.660444872328504
G2,2,filtered,V2,11.405925644189237,89.93420054446601,41.64340547141522,25.235671228636477,2.225024928796894
G2,2,filtered,V3,10.329730150382309,84.8347317909182,48.26205612122509,39.489605620911156,2.960836622180741
G2,2,filtered,V4,54.150961078738504,164.66863880845017,61.296834000701494,52.31797867381923,1.7188058095591927
G2,2,filtered,V5,7.969050231283481,98.37761369378819,66.24867056891675,60.67215147877534,2.7927899506039604
G2,2,filtered,V6,10.773144636879541,102.0368115552957,67.08541922518107,61.88604964976007,2.325383971867431
G2,3,raw,I,23.724834480519867,41.56615987747325,18.339675204406742,22.3522856842832,55.990141126272086
G2,3,raw,II,215.3037530305682,84.08026118824522,68.83731797037042,72.50466547079304,32.255231401072585
G2,3,raw,III,221.7223234095721,73.85007177167445,60.048847152428614,71.6943185609352,84.68697299775437
G2,3,raw,aVR,105.68391431790286,55.09228357085317,40.44742272252018,39.91562058508447,17.16616087415996
G2,3,raw,aVL,115.20808008716901,42.7014846750045,28.043890228197778,38.80229846099889,69.95205258780302
G2,3,raw,aVF,218.214413916243,76.35263780212526,63.93851947921289,71.22917060900453,57.64041722866391
G2,3,raw,V1,75.04316259927785,62.00052441315398,31.649574504446754,22.40966774620966,32.71017490256196
G2,3,raw,V2,73.65770991094003,62.04903734261078,38.38061907134069,29.776705601429672,27.914164848197675
G2,3,raw,V3,81.91410473345807,56.40779784013642,45.02431603793514,44.41720667836314,37.77366468049578
G2,3,raw,V4,251.8472445914026,125.12079431678825,53.419671124960566,55.27356221922315,27.118623621885792
G2,3,raw,V5,117.45493139038189,52.164456612454096,58.72598281391049,62.053624319732364,32.79744160221438
G2,3,raw,V6,77.81739816899788,52.36400436962524,61.57501149157107,65.39191384080348,28.066897399815453
G2,3,filtered,I,1.556010427525985,39.11786816941889,18.339339990529883,21.355919412495087,7.246238106829376
G2,3,filtered,II,4.273667244285262,79.64163876546569,68.83560842013333,69.83730659970057,4.176301216059617
G2,3,filtered,III,4.005402080987072,69.80079781766563,60.04714764606573,68.85011796564261,10.960964247233816
G2,3,filtered,aVR,2.516324427667629,52.1388652896046,40.44652276551903,38.49126728955525,2.222396221823699
G2,3,filtered,aVL,2.1601271285711063,40.19305707134652,28.043010166815627,37.133471028746925,9.053451220566862
G2,3,filtered,aVF,4.067978202936567,72.28360186160174,63.936825192347406,68.51842996598754,7.460906303055994
G2,3,filtered,V1,2.5288034096013075,58.82396074338761,31.649260298901368,21.190343527685496,4.233516208620424
G2,3,filtered,V2,2.04847617546507,60.53235306859711,38.38000603563628,28.405482977122457,3.613061904856104
G2,3,filtered,V3,3.1008098638427093,53.744817000843284,45.02326764028256,42.7931724676538,4.889760095389653
G2,3,filtered,V4,9.266384121477987,108.32885077710509,53.41835579157519,53.325874951946304,3.512016671224777
G2,3,filtered,V5,1.9030976890760114,50.66412055362535,58.72451602071838,59.86083312485014,4.246563075721536
G2,3,filtered,V6,2.1324792383735067,51.55266780629164,61.57347471760805,63.13112578171527,3.63266013084737
G2,4,raw,I,17.18780896603509,77.46109256048044,50.05677868669105,34.66505401313784,58.24840272913636
G2,4,raw,II,90.32482606874007,112.71805551158052,101.60790894321426,72.8983365992402,29.224451828714297
G2,4,raw,III,83.28113637170625,159.90038863870993,135.27175539581754,91.91442011008871,84.73296059934759
G2,4,raw,aVR,49.93055749597947,54.41283743551323,42.89885982381922,33.85042936641899,18.126054441329625
G2,4,raw,aVL,39.69811928947418,112.28462746147393,88.43654595371531,59.13054563607993,71.22329934817739
G2,4,raw,aVF,86.44828364746692,132.80320759454005,116.98242265706963,81.1221151050847,56.2907851533891
G2,4,raw,V1,55.13802172261587,92.91451348087374,64.7256103630766,39.37707174966013,34.077047024931375
G2,4,raw,V2,56.45842463391145,64.61041308103293,46.56159064486863,29.67065554606877,29.128658300362982
G2,4,raw,V3,42.9675886179403,54.144676181557195,48.00867877640569,39.788986713061064,38.197722512621965
G2,4,raw,V4,145.17416480749884,133.25557846038836,87.70019305532239,52.35652612809134,26.642872971252544
G2,4,raw,V5,48.161032681698806,64.12004171876598,68.55870433037276,60.52815908837693,32.87814506994186
G2,4,raw,V6,41.19023145066196,89.7171133623776,79.83992922667014,61.44780424311175,28.90993559706919
G2,4,filtered,I,1.2028398901101032,77.24652151284074,50.05638407422987,33.32542115897168,7.555605887794449
G2,4,filtered,II,3.4839414233270727,112.29549084366097,101.60619757076819,69.85482918944554,3.78980783704582
G2,4,filtered,III,2.981648903817284,159.69423560945998,135.27011101838687,87.90268996700348,10.990681575080893
G2,4,filtered,aVR,2.137703972667596,53.973039131632966,42.89789915550831,32.61011656519032,2.350774662851762
G2,4,filtered,aVL,1.4608439455556925,112.16981621810478,88.4356682258873,56.55801454399017,9.238531812349898
G2,4,filtered,aVF,3.186272597135152,132.53115408798467,116.98077091219726,77.62502243739672,7.301168905068999
G2,4,filtered,V1,2.9933360072846202,92.3985874394684,64.72505226292658,37.62630453891582,4.419856418435928
G2,4,filtered,V2,1.7037146609891498,64.45014956982608,46.56101907529607,28.04357866627901,3.778505891740085
G2,4,filtered,V3,2.66083495779031,53.45961006075973,48.00766909339995,37.98090167198012,4.9546943483369565
G2,4,filtered,V4,9.754625529579586,130.2972122349367,87.6992387023747,50.519992998939045,3.4552125995719596
G2,4,filtered,V5,1.9858902636086555,63.69909575703918,68.55716064946806,58.06189949099818,4.264549558842457
G2,4,filtered,V6,2.108683392261362,89.3338550128451,79.83851141505113,59.05301848571831,3.7500114238682527
G2,5,raw,I,20.42691621767409,24.20014936984866,11.288757230679531,11.89211498408733,38.53875609348262
G2,5,raw,II,74.45235330580591,69.75590435842385,62.754368456150914,54.79654945759043,29.769929420490694
G2,5,raw,III,70.0289397109498,51.21622435174805,54.651936328990146,53.49909929484534,66.3202441463452
G2,5,raw,aVR,41.883085013025465,45.49715707580205,35.8617465266902,29.266084625148984,9.281622355993866
G2,5,raw,aVL,35.705285650848886,19.69525031499602,23.929216495289438,27.4066151496862,52.155949593566724
G2,5,raw,aVF,71.54919935516169,59.98401543306444,58.571438794573915,53.82427081912339,47.655039716252496
G2,5,raw,V1,31.118453404467974,47.611969024274124,33.428918679059336,13.383787758108566,34.66529668225159
G2,5,raw,V2,47.113736569793126,59.58102906708519,38.62061449579056,16.78307176951962,24.695324017455913
G2,5,raw,V3,31.303343985350978,54.333648897958035,41.56872108438994,31.41092856634206,34.64231262034443
G2,5,raw,V4,97.16482279517263,69.74657103928722,51.7073003843434,43.62208152914273,28.006440831736498
G2,5,raw,V5,34.92152351578942,53.771086222482694,57.04571336354513,50.21051328778015,29.18391664339188
G2,5,raw,V6,32.17965437272026,54.53720733664982,59.137073424622436,53.611059543912965,22.908791418216925
G2,5,filtered,I,0.9460303653002335,23.990550193111503,11.2886510418264,11.534581965079232,4.984365754318736
G2,5,filtered,II,2.159979147043746,69.48289360492483,62.75298751708715,52.75051253823574,3.851946470256933
G2,5,filtered,III,2.045445314444673,50.8340995186055,54.65057269339186,51.2951301589383,8.578695805186
G2,5,filtered,aVR,1.3169206696790514,45.33964140433004,35.861041094797955,28.284871973760843,1.2009127203075873
G2,5,filtered,aVL,1.171764700930303,19.30953029698072,23.928539622183145,26.20046442917599,6.746079523911654
G2,5,filtered,aVF,2.049618223463473,59.68335164974296,58.57006793945429,51.70727057443037,6.164801794917065
G2,5,filtered,V1,1.5360267196038628,47.46462551832785,33.42869302655025,12.61247166267233,4.48388937637243
G2,5,filtered,V2,1.9530564590987993,59.378416510841426,38.620231430703996,15.78213976010927,3.1944665798795997
G2,5,filtered,V3,4.64213307464008,53.43899145481317,41.56791227824781,30.245800097446025,4.4811171013440605
G2,5,filtered,V4,13.900423601026972,62.407897471433266,51.70615383000773,42.21365461773202,3.622675430334553
G2,5,filtered,V5,0.9449903999721381,53.68290282020678,57.044395046781936,48.593123465000694,3.7754135412496765
G2,5,filtered,V6,1.0198620177825952,54.45036004569308,59.13568261986418,51.86490195562524,2.963689043550262
G3,0,raw,I,85.34453294327908,47.79208141783902,13.672247039881658,13.598817610628302,1.5716165752994258
G3,0,raw,II,154.48565169651812,78.1335716355581,66.4137250229041,61.10793353253152,5.297802741582437
G3,0,raw,III,126.88850131881837,59.833823050293866,57.064128651866696,59.15141926544625,6.07616443014995
G3,0,raw,aVR,107.46897226626271,57.44081681339616,38.53281602178411,32.93677413214072,2.4573161637399297
G3,0,raw,aVL,75.66859579838263,37.494945784710666,24.87824031364654,30.139081532252984,3.5606457207747546
G3,0,raw,aVF,134.76769586101497,65.35633050524541,61.537112707115426,59.75201260848368,5.645861260293251
G3,0,raw,V1,51.852096590089836,49.2878965516258,35.35446454413187,15.395810437598424,6.3638491809099875
G3,0,raw,V2,65.44597504901674,58.5360904250996,39.316967583059096,21.36263478793207,5.391398148528354
G3,0,raw,V3,49.785931305285324,55.15048211353222,42.65843380477024,34.757560921472354,8.34750371641064
G3,0,raw,V4,66.39146601135863,59.689288299148814,53.90862822430338,48.99452991299284,7.928198072140726
G3,0,raw,V5,90.63572740601789,57.088291768843284,59.26225687284344,55.616563729927556,7.183686874605611
G3,0,raw,V6,442.44712097186755,183.94014942308596,60.12528930495718,57.54761685078423,5.288022592254719
G3,0,filtered,I,6.351749469367528,44.10617483297222,13.67214680130157,13.165116699852502,0.20338019141864805
G3,0,filtered,II,3.5822407554112345,77.4531005263312,66.41210652458838,59.00119142857691,0.6854162620824169
G3,0,filtered,III,8.057987331485098,55.89833739544882,57.06250729603575,56.98051482634889,0.7863867807477573
G3,0,filtered,aVR,3.218042124759967,56.489049282819884,38.532003722443505,31.86747050499065,0.31777104188203315
G3,0,filtered,aVL,7.030634990531407,32.175203118280976,24.87743345433414,28.9786910729319,0.46090668526013223
G3,0,filtered,aVF,5.3661554209831435,63.83936706891881,61.53549314365896,57.62490568758576,0.730588074816919
G3,0,filtered,V1,3.7556337050847977,48.51463349110166,35.35421367527368,14.576102697324767,0.8254087803942747
G3,0,filtered,V2,6.398867063767932,57.66061969501921,39.316495349241805,20.378373111461524,0.698821852737539
G3,0,filtered,V3,2.9597420068177973,54.66234605090018,42.65751512362425,33.55479409149634,1.0827893017949064
G3,0,filtered,V4,7.3118824692486735,57.76299692876848,53.90725993598696,47.49163798217996,1.0281487964502085
G3,0,filtered,V5,4.023629899991558,56.26293972658517,59.26071429263727,53.90024522560815,0.9312288374591937
G3,0,filtered,V6,76.48780129740292,143.2649473612871,60.12370885273521,55.72655407861196,0.6848433113239082
G3,1,raw,I,33.553329049292046,35.44801730910621,13.794504832178832,12.633587376672375,1.442150107039658
G3,1,raw,II,83.9424396527719,73.08274805713606,69.56140886228995,63.47715113577677,4.8241136228387855
G3,1,raw,III,85.93946280791887,48.72659653464111,59.9142265097726,61.565341728539124,5.609798241776762
G3,1,raw,aVR,47.32527565311117,52.0120629748716,40.21331059080714,33.86599027962438,2.1928236386450277
G3,1,raw,aVL,49.94121830000861,21.912315135555858,26.08263886549849,31.10646616059092,3.3101055211018044
G3,1,raw,aVF,83.27367980767005,59.52767552939511,64.54982555897695,62.20866600989108,5.181795542764637
G3,1,raw,V1,53.4227216218682,47.59807907170565,35.386034478657805,15.087797759786136,6.04885942895474
G3,1,raw,V2,50.17548833885006,60.52941715515996,39.7289512190111,21.09836545897291,5.356616439556924
G3,1,raw,V3,37.418675967602084,54.76792191119411,43.91596655826498,35.8280619189803,7.948527805037017
G3,1,raw,V4,51.80805641943828,56.9189269723716,56.657010641835434,50.85587887521426,7.570123303443067
G3,1,raw,V5,50.491845424246044,56.41660967723982,62.0590791434394,57.294314988517726,6.961321911751524
G3,1,raw,V6,953.9498371499024,159.85192190499453,62.544580963710324,58.91408981793191,4.7703323246313385
G3,1,filtered,I,2.939363619079962,34.080373468203064,13.794413316757069,12.216080998750494,0.18683129409188487
G3,1,filtered,II,2.3000605362735875,72.8285435754231,69.55976652497762,61.34548904875714,0.6240164355288633
G3,1,filtered,III,3.9708732354726792,47.87487879880613,59.912568747150054,59.33941444221453,0.7256325655661391
G3,1,filtered,aVR,1.738709267051104,51.57260224701596,40.2124919075397,32.801818611350825,0.28375265122466536
G3,1,filtered,aVL,3.298678030804824,20.018460181378035,26.081805661522814,29.906221994748893,0.4282232459575056
G3,1,filtered,aVF,2.892938253765082,59.225268473255234,64.54817616910124,60.0408977926254,0.6702559831129132
G3,1,filtered,V1,1.7831666267504147,47.33114638748167,35.3858120877476,14.279252552123097,0.7820747631092982
G3,1,filtered,V2,3.898277833116089,59.26275934196731,39.72850476576366,20.095033534705504,0.6926685286395379
G3,1,filtered,V3,1.8810437518390968,54.46109491413808,43.915039911836004,34.587565446768714,1.02803439375824
G3,1,filtered,V4,4.0098237531388,56.185077593118216,56.655627838389165,49.30608504887634,0.9795933725174537
G3,1,filtered,V5,2.7872575601790457,55.87416900641363,62.057536367462376,55.55751463025155,0.9008431437187752
G3,1,filtered,V6,40.36681359537656,136.01794855823326,62.5430064738826,57.099698252641794,0.616109502189677
G3,2,raw,I,3228.509660313714,1027.4576873662693,158.4874662686325,87.05583574716762,11.634251022781084
G3,2,raw,II,293.53955240167767,91.83094657279047,72.7210496324725,67.82323864065009,6.395706132289998
G3,2,raw,III,3229.391774619212,1033.493990886456,170.30373631062605,106.92524472413879,13.562739914055
G3,2,raw,aVR,1627.1070153148626,514.8044810786404,89.17664134519762,56.84279311257646,6.491798549048952
G3,2,raw,aVL,3225.613362316164,1029.4568148184617,160.43295178327378,91.41042240110791,12.223976079233728
G3,2,raw,aVF,1628.4193853908064,523.7881739228628,104.24148689193719,78.24206154686125,8.864961152668592
G3,2,raw,V1,1170.3921829321182,357.46948086871106,64.9829785330648,35.65457545118828,8.235622246246736
G3,2,raw,V2,1149.7532368506963,358.1052062044261,67.52832246547999,38.407103741048914,8.110471247768944
G3,2,raw,V3,1137.5140289506064,358.61942714618823,71.30326656966298,49.119443973951256,9.179195167755148
G3,2,raw,V4,1166.7817574021337,359.04407741344033,79.25191777115779,61.457214750888745,8.948213809112012
G3,2,raw,V5,1123.4794529263784,350.05447649247844,82.42808305839581,66.79324090122954,8.398111680669384
G3,2,raw,V6,1181.4808971529794,354.8928300980106,82.08789915190962,67.62301832213753,6.461767905901215
G3,2,filtered,I,151.8894664500603,849.1003639847851,158.48570060485858,82.83517870644576,1.537947056256825
G3,2,filtered,II,8.692183799516776,86.68630598595428,72.71930305980442,65.39785825177667,0.8299526497071562
G3,2,filtered,III,153.08305691978342,853.5351970480352,170.30143237616906,102.22907762301908,1.7820694979455627
G3,2,filtered,aVR,75.59349482496054,426.7462814506843,89.17546018672691,54.37441741947401,0.8562174667793891
G3,2,filtered,aVL,152.42548229343495,850.2165909036712,160.43105473511025,87.10341902307592,1.6119308519556
G3,2,filtered,aVF,77.37819901569462,433.33078253546626,104.23966677511434,75.15594041694183,1.1580052941037038
G3,2,filtered,V1,54.86999579971713,292.87453211743457,64.98229150255926,33.62609377078998,1.0740713597660785
G3,2,filtered,V2,55.03709166847744,295.832281984488,67.52749386332789,36.575630938447176,1.0563812259152674
G3,2,filtered,V3,54.19141611021123,295.90054027778234,71.30210798641168,47.164587339212844,1.194347307161621
G3,2,filtered,V4,54.108695183608575,295.78764973080536,79.25041151796916,59.25383195462158,1.1646847159737912
G3,2,filtered,V5,51.47544548962569,291.470614010451,82.42646516276602,64.44068158800326,1.0898068035479826
G3,2,filtered,V6,60.412530091334,285.3175234948244,82.08627521357052,65.22254953230821,0.836101126628486
G3,3,raw,I,2148.9843615896693,662.0262111278929,167.61376232467285,88.08338480297132,17.37996136882066
G3,3,raw,II,111.32792489773301,75.64532998699187,71.16507589852677,73.903750492486,5.636515727274099
G3,3,raw,III,2113.876004906858,651.9236118717433,180.67635693182604,114.19898554136321,17.292633498102884
G3,3,raw,aVR,1094.5985134190787,340.21957785469414,91.75202551221457,57.878073853026116,9.599890105525079
G3,3,raw,aVL,2130.7755157508923,655.9047156263939,170.5961389671209,95.05053605478957,17.105745755590096
G3,3,raw,aVF,1042.0649638589123,325.25932696430556,108.7686244315696,85.50974007784775,9.480874280682174
G3,3,raw,V1,715.1756113632276,233.14557299984133,64.11254087863622,36.670420636287105,6.749327898496719
G3,3,raw,V2,715.7929445003407,226.045551128221,67.89086695246289,42.981247473112234,10.765165195531251
G3,3,raw,V3,729.5858637347671,218.62214290116344,72.64569755846436,52.8942140855815,10.793070964916895
G3,3,raw,V4,727.0954442998467,218.46798236562975,80.66136653647249,64.5750076508484,12.41341121100305
G3,3,raw,V5,725.7675929073388,220.6745743328232,84.64421203712433,71.25418601972413,10.218811765102378
G3,3,raw,V6,1285.2989311274766,542.3610552281434,88.44134109459766,73.2441135064157,8.84392838876662
G3,3,filtered,I,79.62574311186842,532.9432587072678,167.61280153370657,83.3449372700699,2.2123954862129587
G3,3,filtered,II,2.908471579663166,69.9930379768098,71.1632207094411,71.34051862582339,0.7347315495424084
G3,3,filtered,III,79.55364201097595,526.791789189605,180.6747363006596,108.99228850197274,2.202769302687098
G3,3,filtered,aVR,39.901924730952075,274.0189298095941,91.75122628895564,55.20954940004216,1.2264640102521154
G3,3,filtered,aVL,79.57641396756341,528.7194877610098,170.59500224864854,90.22461616032582,2.176806280234255
G3,3,filtered,aVF,39.79391712978729,264.9475004806033,108.76704165337331,82.14499152847716,1.2133993895329855
G3,3,filtered,V1,26.641374074611125,190.20665629688486,64.11203395330439,34.81524048949726,0.8646211351199373
G3,3,filtered,V2,26.136539944449794,186.1350472378018,67.89016591596837,41.01730882858065,1.3930184471520501
G3,3,filtered,V3,26.69959001153433,179.30596415918242,72.64471043888554,50.79489269856331,1.3946366152947642
G3,3,filtered,V4,26.936085968846786,178.8724927032979,80.6600357797164,62.18060531959185,1.6063487642303558
G3,3,filtered,V5,27.086922112940577,179.73481899389034,84.6427226181621,68.61477448231918,1.3193208008572228
G3,3,filtered,V6,71.31272011021187,495.5483441819507,88.43978695651506,70.58704026819413,1.1381702916770697
G3,4,raw,I,897.5914030179955,255.8619592707087,93.61631312289663,40.733468375856035,8.540759581488123
G3,4,raw,II,94.81658833226979,69.438180475335,69.96630785394429,66.13363521125868,5.05361756528255
G3,4,raw,III,930.043287356149,257.5597184537518,110.07450457706287,74.88466637512124,10.681129461938022
G3,4,raw,aVR,437.132848237677,136.2323361478182,61.64860111345991,40.180944010348576,4.551942521284743
G3,4,raw,aVL,912.7309982729389,254.35361243550503,96.00200134173309,50.398907978766786,9.334387381178498
G3,4,raw,aVF,485.35324166696677,138.6109634494687,79.46594789982743,67.64526310616536,7.181688170785134
G3,4,raw,V1,291.8217084322567,96.87789794852438,43.57114217119864,22.81267099998577,5.872206754622557
G3,4,raw,V2,275.29479899683605,108.5290820462996,58.61346864164295,29.74515870946689,5.067726030432566
G3,4,raw,V3,287.0498317808863,95.46657644195486,53.03293083552475,40.47572936480136,7.444326819887895
G3,4,raw,V4,291.8636416758862,98.40721648940968,64.16270664133663,53.15514573131397,7.566079291673848
G3,4,raw,V5,290.9176176414125,97.20595584935612,68.01782448867559,59.74678095310847,7.620025129289479
G3,4,raw,V6,413.8664577533365,438.5488505985017,87.55734531042457,62.67608377984557,6.636865722510812
G3,4,filtered,I,40.909167655803394,231.59746041411256,93.615533192656,39.665754101998985,1.1049039062822383
G3,4,filtered,II,3.441882046742628,68.39110618314591,69.96464566325649,63.62406839909779,0.6569777509585307
G3,4,filtered,III,42.27573139170232,232.069263963978,110.0729710300478,72.2310120071826,1.3829243102727031
G3,4,filtered,aVR,19.89708292656189,125.2730127300557,61.64775025107999,38.811947776055334,0.5899968573695744
G3,4,filtered,aVL,41.56244811724183,229.29768342121227,96.00104474670404,48.81946386548787,1.207783591427051
G3,4,filtered,aVF,21.93517742780626,125.92615861395271,79.46438374106249,65.11011884106269,0.9310459419776254
G3,4,filtered,V1,13.51163344313064,89.93119355914108,43.57082300445456,21.728615688913855,0.7599194554072876
G3,4,filtered,V2,14.458311840679908,100.30917166567234,58.61293514229843,28.462189491721684,0.6572532197582686
G3,4,filtered,V3,14.262675804752998,87.91903848044949,53.03201185243814,39.013231201729816,0.9639296458765169
G3,4,filtered,V4,14.332197118991312,91.23331554073548,64.1614502845543,51.359839105721555,0.9814937860769867
G3,4,filtered,V5,14.274363231122095,90.03529090440527,68.0164088374713,57.70509611615734,0.9882978240147722
G3,4,filtered,V6,26.279581273264075,416.9291235281683,87.5560102395458,60.51940493685016,0.8600207770383045
G3,5,raw,I,356.79571209841475,75.67749835637792,18.752741162123154,13.499716189072128,1.8711449829705555
G3,5,raw,II,150.33446397305613,71.60793746861945,65.4037290558538,57.7055994850012,4.992274416792966
G3,5,raw,III,342.2915857166165,84.72967509659945,59.36733053873222,57.110025115942584,6.3110354959130035
G3,5,raw,aVR,213.68419034138503,60.271143779573634,37.86207276321993,30.670841729066915,2.0626927648721716
G3,5,raw,aVL,341.4428827016261,71.91089362955503,29.473049970993216,29.823054839897154,3.928673481697129
G3,5,raw,aVF,195.07997158159841,68.7141640120229,61.75068849477946,57.0103938421543,5.612547599334841
G3,5,raw,V1,128.93219521367195,53.58974031611927,34.890087875147564,14.239094628424773,5.753542066270593
G3,5,raw,V2,143.59666645807926,59.81761993961947,37.81581784587947,19.788654571746743,6.22647418741932
G3,5,raw,V3,128.3218065283299,56.72236411116573,42.43968803326031,32.62323246484358,7.4104051031268545
G3,5,raw,V4,133.970248546054,59.2220136697896,54.513768552324095,47.031253105947265,7.030949262346091
G3,5,raw,V5,121.79094667516887,58.096037810230236,59.47444220957851,53.29842971990268,6.837547954734112
G3,5,raw,V6,488.5316609789154,223.86586431498105,59.5577915238672,54.6907296708831,5.011629176406403
G3,5,filtered,I,11.07572058790686,70.35250683702742,18.752606303390788,13.127382746219833,0.24242760122118442
G3,5,filtered,II,3.4697590324545007,70.86324452984567,65.4022324503568,55.67603482271291,0.6524639898746979
G3,5,filtered,III,10.184480086486424,80.42874598549962,59.36585370391289,54.91399636230097,0.8229504216878523
G3,5,filtered,aVR,6.436186641510455,58.03741488532149,37.86132564808186,29.701645855979315,0.27005249641374435
G3,5,filtered,aVL,10.497037851234362,66.73626707575049,29.472349960782296,28.617868084938916,0.5114508330947205
G3,5,filtered,aVF,5.216659328728051,67.14031946963544,61.74919624537017,54.9053902689747,0.73265649649839
G3,5,filtered,V1,3.159442021688637,52.8144970461423,34.889837932551075,13.448887376096657,0.7465739573014732
G3,5,filtered,V2,3.4564834590414493,59.04541365370056,37.81538148607058,18.79895755487181,0.8086067360832239
G3,5,filtered,V3,2.9929513991172785,56.06828185697673,42.43884528121,31.46615256139452,0.9620732620541276
G3,5,filtered,V4,5.286597282564002,57.83937516952423,54.51250423162876,45.58506123300083,0.913700146068012
G3,5,filtered,V5,3.80302453179154,57.33142192396098,59.4730211704598,51.64899477109871,0.8889847137219321
G3,5,filtered,V6,79.48988877345472,158.80799866323616,59.55633144472003,52.946350962888566,0.6532934168323793
G4,0,raw,I,28.129078171769155,27.220019243659873,13.159171790112024,12.540036138535859,7.9021230957188555
G4,0,raw,II,396.45046388469467,85.49202025348842,70.79183297256837,62.58346298100616,6.517855499644744
G4,0,raw,III,384.69371739252756,60.64404670940857,61.44380707150106,60.852811196695356,13.22749201970243
G4,0,raw,aVR,204.9019122074551,55.72685516875111,40.60158065948268,33.33474186026717,2.953194640449528
G4,0,raw,aVL,187.34195483510027,19.547213169772075,26.858550052402965,30.83806266244691,10.396366538208492
G4,0,raw,aVF,390.36303871926947,72.85643830336622,65.95545141213124,61.404919249417866,9.649539127207046
G4,0,raw,V1,63.54514462202852,51.198324227606946,37.42705459765088,14.996853087543162,8.302955724935162
G4,0,raw,V2,56.64761750091212,72.10700364318541,48.03208224968763,19.250046166833688,7.5142276866837685
G4,0,raw,V3,48.08046101962769,67.72177669163335,47.745916156178545,35.07950198684787,7.714192610060657
G4,0,raw,V4,48.66044571465735,65.43007858470258,56.65548664185541,48.756339936029036,8.067904038962459
G4,0,raw,V5,111.40965757934775,64.09259020130698,62.97224173176583,57.07732645636315,6.888971592579956
G4,0,raw,V6,167.1526674542623,60.64580226435072,61.27593977893223,57.373249195424115,5.546043581537938
G4,0,filtered,I,0.48792783063827627,27.180117548096916,13.159098436825651,12.205134473412507,1.0273314867375645
G4,0,filtered,II,3.474337664332355,85.133632921191,70.79023813690026,60.467318326008076,0.8473310567123403
G4,0,filtered,III,3.495964811719279,60.15028464195714,61.4421774167897,58.69617222555339,1.7199910417986002
G4,0,filtered,aVR,1.7604276172369597,55.57637030712511,40.60079496937309,32.269502444938844,0.3835331220262509
G4,0,filtered,aVL,1.7922517164992204,19.143508106643974,26.857718905822388,29.71580092033234,1.3518125254020539
G4,0,filtered,aVF,3.476618715574438,72.44450566433984,65.9538400904808,59.27501398443898,1.2547179188378326
G4,0,filtered,V1,2.5568796280063495,51.02050313764197,37.42677420142966,14.290406793683523,1.0804475595645093
G4,0,filtered,V2,2.145627228450144,71.93682895365063,48.031588250137666,18.47357824457804,0.9783237169681531
G4,0,filtered,V3,1.6429296156116897,67.6344358331114,47.74499270714141,33.97094351627681,1.0041615798023142
G4,0,filtered,V4,1.306466956254348,65.36657861224913,56.65416553070309,47.317214920904384,1.0499358265090981
G4,0,filtered,V5,1.4215276701175072,64.0261411216262,62.97071066902898,55.36032137983961,0.8963954737428945
G4,0,filtered,V6,2.1835358902033626,60.526780001334586,61.27442082888289,55.56448027845014,0.7218209583757201
G4,1,raw,I,34.12625961511679,25.833010026851206,12.317454354020716,10.64424849595494,9.11130975140063
G4,1,raw,II,296.3548614926923,80.02298884438784,73.60677940349399,62.82274338473083,6.484968515464812
G4,1,raw,III,288.48139552930854,58.465342687733234,64.4549531509244,60.26780697577222,14.302590643904486
G4,1,raw,aVR,153.91563881297952,51.7780117561424,41.787899941706506,33.49546860093434,3.3755542114485935
G4,1,raw,aVL,142.25507934107424,21.020244180870893,28.25934960660667,29.767096268524835,11.54453672066229
G4,1,raw,aVF,291.9464152025382,68.87743765435087,68.90768868190683,61.32803449903067,10.126967292359204
G4,1,raw,V1,85.71231846092276,50.543637386588095,37.782885678525226,14.197956062135857,8.529169007446349
G4,1,raw,V2,84.32544105321784,75.17749501580467,49.34889477456045,17.83264374161957,7.655461650672432
G4,1,raw,V3,95.64611650572719,69.29546412177437,49.3097345165578,35.223516506276574,7.778512188323158
G4,1,raw,V4,130.18048387486238,67.32719282949027,61.1601755510247,50.70799523108912,8.148690075714446
G4,1,raw,V5,111.40356856725899,64.56749227525331,67.66837436119798,58.68898222441364,7.100395875108624
G4,1,raw,V6,93.66862900326144,58.61931682914953,65.32783703670049,58.43099569256039,5.644120927001093
G4,1,filtered,I,1.0605728463339321,25.679567804841966,12.317366360638035,10.29359374276088,1.1811618031350082
G4,1,filtered,II,4.362636440174391,79.14082241629748,73.60522709384952,60.8286622983438,0.8401336081277971
G4,1,filtered,III,4.401224740323114,57.156029440972176,64.4534246688691,58.20975654548906,1.8540120844954018
G4,1,filtered,aVR,2.288233146297007,51.42618070909163,41.78710921940207,32.49535621134292,0.4371997712492741
G4,1,filtered,aVL,2.342999746432974,19.93259914991724,28.258598141469424,28.67290315544213,1.4965947639360573
G4,1,filtered,aVF,4.349768300881523,67.82463185623803,68.9061486735981,59.3107194275146,1.3125573675795235
G4,1,filtered,V1,2.227230536590159,50.232467668232395,37.78262459971798,13.46808915558384,1.1060154023753082
G4,1,filtered,V2,2.288316807381757,74.97260872356004,49.348434879302,17.05629382922464,0.9927406567104674
G4,1,filtered,V3,1.7094047495935851,69.15504487776582,49.308840770985476,34.083005960643526,1.0082188413139757
G4,1,filtered,V4,2.7285906344388944,66.70900054160944,61.158873941199566,49.25644865203513,1.0557751892156866
G4,1,filtered,V5,1.9749321483086402,64.31819868902618,67.66688070427364,57.01497367413084,0.9201240827006226
G4,1,filtered,V6,3.101020929522816,58.236418954075766,65.32636627362099,56.725434096470444,0.7311673138014135
G4,2,raw,I,200.01847897283574,74.94836044092544,17.014019174785243,18.07685184370972,9.604425239134557
G4,2,raw,II,350.5063047666395,100.73563173186214,76.79651704363684,74.25171153955607,8.778866090149322
G4,2,raw,III,337.3207581129279,91.00229768196597,67.21033069197593,70.40298150483149,15.667354708907299
G4,2,raw,aVR,230.1840727383537,76.23717971402311,44.320241440282814,40.998776425305266,4.825995866963714
G4,2,raw,aVL,214.90154832377686,66.42605349550547,30.478294614241868,35.54359326285295,12.230632502737445
G4,2,raw,aVF,329.1172037206051,88.37549806769302,71.65959516184749,71.78617619371856,11.756104825063604
G4,2,raw,V1,149.3919347254695,65.6946033936165,37.85215862612068,23.0272886695835,9.243085920054787
G4,2,raw,V2,163.04006748499617,89.82370339204267,49.70094877289772,25.897263260507028,8.67924317852778
G4,2,raw,V3,157.7455331243036,77.78272674776693,54.21459069309492,46.059508555416194,9.47516259249918
G4,2,raw,V4,182.94187778031556,71.73421351009016,64.91882984374479,60.814199931856265,10.180101461567475
G4,2,raw,V5,168.92138774659003,68.46860358505901,69.40763361298417,67.59822005250686,9.209362617063274
G4,2,raw,V6,190.7151662997628,64.32933182121396,65.93357083841516,65.82279288861926,6.87787865274954
G4,2,filtered,I,13.508852647971826,65.3822251905235,17.013682186923035,16.83236816249037,1.2443806773057424
G4,2,filtered,II,10.303013821544269,96.25696522102571,76.79468032283528,71.67195138525749,1.1431097816456168
G4,2,filtered,III,14.25136053782616,81.32820193958698,67.2085725557373,67.78025188012491,2.035424475929725
G4,2,filtered,aVR,9.6718807656138,71.53006538876271,44.31925199590358,39.51655324581126,0.6259819663317427
G4,2,filtered,aVL,12.894074804752465,55.93035904072405,30.477419047479604,33.97835233794242,1.5871493440772217
G4,2,filtered,aVF,10.44051773264721,82.89228582581582,71.6578064836235,69.24365260196357,1.5289557114368406
G4,2,filtered,V1,3.543597983651617,64.42547678309839,37.851835097563104,21.331618819620495,1.2073814683535653
G4,2,filtered,V2,4.7736809313792685,87.56911731498924,49.70034784702588,24.62609866472091,1.1267598354671957
G4,2,filtered,V3,3.603494832924554,76.08167169374124,54.21340234765271,44.488466711836665,1.2267466338737525
G4,2,filtered,V4,3.7204369637801795,70.71259733871544,64.91724176816554,58.8889381011024,1.3190949688003033
G4,2,filtered,V5,3.7640792235069735,67.34423969568203,69.4059083690935,65.40558182135393,1.1954602458458277
G4,2,filtered,V6,3.7364596756755564,63.36719911978493,65.93193969778787,63.6161920693272,0.8936405688398571
G4,3,raw,I,1220.3467963940657,335.8417277780244,20.33660607364547,17.015314044019284,6.384632804304752
G4,3,raw,II,1320.3762373590343,336.2727696939527,77.004466615203,81.9639522606767,6.430537408416275
G4,3,raw,III,374.52105870262915,66.19493866054079,71.72006974857258,83.5445513471091,11.270344170114797
G4,3,raw,aVR,1257.4789660160825,334.4235015683298,43.42453927744671,41.939029270548254,3.050001520557757
G4,3,raw,aVL,615.5548808959866,174.11454304905934,36.003486025579555,44.21633316269261,8.576371262907486
G4,3,raw,aVF,754.6642564278438,174.73739222536346,73.71115081903798,82.31956351310325,8.602055017574889
G4,3,raw,V1,537.7122324353838,130.39042062739526,39.751209521775465,26.217819506943073,6.044315204799583
G4,3,raw,V2,507.5771575326321,152.7957923779195,51.53363126743531,32.63260263641105,5.944204432105135
G4,3,raw,V3,525.2262999438769,133.4838289396581,53.27817535077895,50.759154971882104,6.312313129541068
G4,3,raw,V4,519.4403519300961,134.39749571708612,61.31285929990363,65.26253090987444,7.018588370985623
G4,3,raw,V5,515.5311302303221,127.67285038781311,66.82950900566483,75.48631351865033,7.548076486419794
G4,3,raw,V6,511.281822250625,124.68324438790394,65.06986799926197,74.1242460465435,6.158377544710742
G4,3,filtered,I,55.70203877446437,283.81751671363537,20.336390523853424,16.368920063320438,0.8243552212961553
G4,3,filtered,II,55.09567927360484,288.4506105737218,77.00256473827457,79.29761447010652,0.8325769953824329
G4,3,filtered,III,6.692300389068813,60.48362578812985,71.71791987747314,80.78989831138716,1.4565759615670844
G4,3,filtered,aVR,55.298542277365556,284.54086089660365,43.42369019346244,40.57431065407115,0.39492987872316676
G4,3,filtered,aVL,28.54590225265071,145.96022473904145,36.00230078032156,42.72524653455724,1.1078318545874737
G4,3,filtered,aVF,27.649251321696315,152.620169591125,73.70912636184805,79.62772305484711,1.1124336428778763
G4,3,filtered,V1,19.09465669843778,113.89582670323824,39.75077847964327,25.177913902933696,0.7794051515804806
G4,3,filtered,V2,20.545555451550154,129.98612708123758,51.53292517985441,31.55561303613838,0.7678342488408905
G4,3,filtered,V3,19.676330388389594,114.16089908675977,53.276949504596054,49.25189913975018,0.8166978796003151
G4,3,filtered,V4,20.099024000386404,111.82723630948531,61.3112312328301,63.222590829095665,0.9105539193729183
G4,3,filtered,V5,19.541661974669253,107.17568478677384,66.8276478020706,72.8019880552214,0.9822383806777671
G4,3,filtered,V6,22.450047345289928,104.81083165135273,65.0680513357967,71.5767074713803,0.7968564353240323
G4,4,raw,I,284.32142036527773,71.4464648358448,21.13643286681336,17.283803301275697,7.503936932047341
G4,4,raw,II,673.2597736077785,100.04088417457156,74.89159791675638,70.54349235558932,5.522947552714035
G4,4,raw,III,567.0854204742652,61.28617120041546,64.54490058493982,69.53367931125761,11.207883707118755
G4,4,raw,aVR,432.04424297734187,81.34733693788806,44.567242101660845,37.799787638287555,3.4643679476787836
G4,4,raw,aVL,296.4668470620275,43.9118598145169,30.07006207672436,36.36942574649646,9.12891701781783
G4,4,raw,aVF,605.9889693029007,74.87280754075952,69.10651645424181,69.50522262393781,7.998908429358586
G4,4,raw,V1,180.5555272748413,66.18397018928479,36.36711934106767,20.511850218941536,6.030659638020717
G4,4,raw,V2,157.89695383053993,74.48280768408468,44.7286671878678,23.70268345962422,5.66664640393174
G4,4,raw,V3,185.80070551429907,63.12232381956251,48.939987920380624,41.210498393964855,5.998351204335644
G4,4,raw,V4,210.99567161937085,60.142070687270085,59.6891139271445,55.114734071857626,6.334127813164609
G4,4,raw,V5,171.02247942231668,58.98115945866186,67.367652065206,64.49711578685144,6.329949979475956
G4,4,raw,V6,128.1867694964264,55.08876268938546,65.69339572887769,64.09339761969662,5.54350200623416
G4,4,filtered,I,4.679386242356947,69.14924475971533,21.136236906684825,16.71833754239367,0.9727527149811634
G4,4,filtered,II,8.004825655394171,96.12185777101924,74.88978563694795,67.89012364851634,0.7121178410338284
G4,4,filtered,III,7.6230957973050595,58.26005434837421,64.54310207454648,66.69974344034684,1.450897772529159
G4,4,filtered,aVR,5.334702175947629,78.49812935947651,44.56632411708581,36.49756027248425,0.4476647690255286
G4,4,filtered,aVL,4.897429338589249,42.16720415729795,30.06919137267091,34.812527491459235,1.1827502443575253
G4,4,filtered,aVF,7.457898346920823,71.56408473739246,69.10470954597803,66.77639275570881,1.0341886296998293
G4,4,filtered,V1,4.335693215612387,63.80089915320619,36.36684126821134,19.356330765492835,0.7815093518677895
G4,4,filtered,V2,5.714596073503043,72.73077357774295,44.72817643761002,22.418320543710255,0.7339569172092321
G4,4,filtered,V3,4.868203279093278,60.130819392057354,48.93894727310116,39.678684424361634,0.7778678603436904
G4,4,filtered,V4,3.2451840848786224,58.13102110004899,59.687662418120944,53.180914693288216,0.821768772740469
G4,4,filtered,V5,5.293210151090574,54.915798819041115,67.36596969919833,62.09012738898053,0.8200487725498676
G4,4,filtered,V6,4.578775687247097,52.5239850083899,65.69172208849534,61.71012686257057,0.7178065837988822
G4,5,raw,I,54.625087782226004,25.35773983780585,12.260404809831766,12.537685319708492,8.076393194425036
G4,5,raw,II,313.98391088378787,73.79059667684858,69.72962917198028,63.869093752124556,5.985044458103792
G4,5,raw,III,293.0143176640875,53.71526461321419,60.55527798269605,61.779889964779066,13.10609168027821
G4,5,raw,aVR,171.23244629891212,48.1944099526825,39.86895950975316,34.11801055061795,2.753549039936551
G4,5,raw,aVL,140.6206642432468,20.072600020756752,26.326304577673902,31.09917835631957,10.466312330058148
G4,5,raw,aVF,302.44944746388137,63.280622332398615,65.01539861054569,62.519673560363756,9.353510912532405
G4,5,raw,V1,88.56967737905134,52.30210647443174,36.979216022936185,15.472767495486982,7.6783746534374915
G4,5,raw,V2,86.93536232842048,68.67784561940208,45.85947116734965,19.427147259712655,6.885770084241328
G4,5,raw,V3,105.63503801142937,59.591670000376034,46.59549845007111,36.27524849655731,7.185363885944114
G4,5,raw,V4,120.67217833458682,55.68280567584414,57.27359701484547,50.77376775852168,7.219391012370093
G4,5,raw,V5,116.35892454389096,55.45472943305412,63.287624339622916,58.984452338608804,6.925051849107225
G4,5,raw,V6,96.15285325552256,51.856241599920175,61.01145463190012,58.557604900074686,5.797212938688112
G4,5,filtered,I,1.6259063600697687,24.876055283052267,12.260301703533699,12.15153981559333,1.043325616295544
G4,5,filtered,II,4.846508740723939,72.67176868169228,69.72803391867575,61.70823217586934,0.7726760549404607
G4,5,filtered,III,4.793639138573724,52.4607309803446,60.55368150793684,59.51414515333338,1.6928361163595789
G4,5,filtered,aVR,2.7058021334135542,47.56017211006602,39.86815483529428,33.04995538193068,0.35546418179193884
G4,5,filtered,aVL,2.6342194474727707,19.109597585649787,26.325500801937274,29.880097339915597,1.3519815670969166
G4,5,filtered,aVF,4.751096579642821,62.144610366050394,65.01380453181143,60.315874492779166,1.2079855611550663
G4,5,filtered,V1,2.172447244268599,51.955275983822226,36.97896840242742,14.617329966065023,0.9916895124074963
G4,5,filtered,V2,1.921154954560239,68.40700822222949,45.85901275838447,18.44928386533846,0.8894421950114978
G4,5,filtered,V3,2.6951499217594717,59.16519223120387,46.5945731089341,35.066486623476244,0.9283024638217222
G4,5,filtered,V4,2.0865600234949855,55.38370097866916,57.27226412361386,49.23086405127353,0.9325667364397018
G4,5,filtered,V5,3.5091511181306734,54.75891928086846,63.286105161003555,57.08753988073117,0.8945235646134526
G4,5,filtered,V6,2.5007291304200923,51.52088302597191,61.00996372162998,56.64324982978931,0.749446125107896
